date	close	x	FIELD4
03-Jan-09	0	1231006505	
04-Jan-09	0	1231092905	
05-Jan-09	0	1231179305	
06-Jan-09	0	1231265705	
07-Jan-09	0	1231352105	
08-Jan-09	0	1231438505	
09-Jan-09	0	1231524905	
10-Jan-09	0	1231611305	
11-Jan-09	0	1231697705	
12-Jan-09	24	1231784105	
13-Jan-09	10	1231870505	
14-Jan-09	0	1231956905	
15-Jan-09	414	1232043305	
16-Jan-09	100	1232129705	
17-Jan-09	100	1232216105	
18-Jan-09	0	1232302505	
19-Jan-09	150	1232388905	
20-Jan-09	775	1232475305	
21-Jan-09	500	1232561705	
22-Jan-09	500	1232648105	
23-Jan-09	150	1232734505	
24-Jan-09	800	1232820905	
25-Jan-09	50	1232907305	
26-Jan-09	0	1232993705	
27-Jan-09	1150	1233080105	
28-Jan-09	0	1233166505	
29-Jan-09	0	1233252905	
30-Jan-09	600	1233339305	
31-Jan-09	0	1233425705	
01-Feb-09	1100	1233512105	
02-Feb-09	0	1233598505	
03-Feb-09	115	1233684905	
04-Feb-09	38	1233771305	
05-Feb-09	0	1233857705	
06-Feb-09	0	1233944105	
07-Feb-09	1150	1234030505	
08-Feb-09	1000	1234116905	
09-Feb-09	2200	1234203305	
10-Feb-09	0	1234289705	
11-Feb-09	350	1234376105	
12-Feb-09	200	1234462505	
13-Feb-09	0	1234548905	
14-Feb-09	0	1234635305	
15-Feb-09	900	1234721705	
16-Feb-09	0	1234808105	
17-Feb-09	1500	1234894505	
18-Feb-09	0	1234980905	
19-Feb-09	0	1235067305	
20-Feb-09	800	1235153705	
21-Feb-09	0	1235240105	
22-Feb-09	1050	1235326505	
23-Feb-09	0	1235412905	
24-Feb-09	0	1235499305	
25-Feb-09	0	1235585705	
26-Feb-09	0	1235672105	
27-Feb-09	0	1235758505	
28-Feb-09	1800	1235844905	
01-Mar-09	350	1235931305	
02-Mar-09	0	1236017705	
03-Mar-09	400	1236104105	
04-Mar-09	0	1236190505	
05-Mar-09	1200	1236276905	
06-Mar-09	400	1236363305	
07-Mar-09	0	1236449705	
08-Mar-09	1550	1236536105	
09-Mar-09	0	1236622505	
10-Mar-09	0	1236708905	
11-Mar-09	0	1236795305	
12-Mar-09	150	1236881705	
13-Mar-09	750	1236968105	
14-Mar-09	0	1237054505	
15-Mar-09	0	1237140905	
16-Mar-09	2400	1237227305	
17-Mar-09	0	1237313705	
18-Mar-09	0	1237400105	
19-Mar-09	700	1237486505	
20-Mar-09	600	1237572905	
21-Mar-09	0	1237659305	
22-Mar-09	550	1237745705	
23-Mar-09	0	1237832105	
24-Mar-09	0	1237918505	
25-Mar-09	0	1238004905	
26-Mar-09	1400	1238091305	
27-Mar-09	0	1238177705	
28-Mar-09	1000	1238264105	
29-Mar-09	0	1238350505	
30-Mar-09	0	1238436905	
31-Mar-09	1600	1238523305	
01-Apr-09	0	1238609705	
02-Apr-09	0	1238696105	
03-Apr-09	0	1238782505	
04-Apr-09	0	1238868905	
05-Apr-09	0	1238955305	
06-Apr-09	850	1239041705	
07-Apr-09	0	1239128105	
08-Apr-09	0	1239214505	
09-Apr-09	0	1239300905	
10-Apr-09	0	1239387305	
11-Apr-09	350	1239473705	
12-Apr-09	0	1239560105	
13-Apr-09	960	1239646505	
14-Apr-09	0	1239732905	
15-Apr-09	0	1239819305	
16-Apr-09	0	1239905705	
17-Apr-09	0	1239992105	
18-Apr-09	115	1240078505	
19-Apr-09	450	1240164905	
20-Apr-09	2250	1240251305	
21-Apr-09	3500	1240337705	
22-Apr-09	0	1240424105	
23-Apr-09	0	1240510505	
24-Apr-09	0	1240596905	
25-Apr-09	0	1240683305	
26-Apr-09	750	1240769705	
27-Apr-09	0	1240856105	
28-Apr-09	0	1240942505	
29-Apr-09	0	1241028905	
30-Apr-09	1000	1241115305	
01-May-09	0	1241201705	
02-May-09	0	1241288105	
03-May-09	699	1241374505	
04-May-09	50	1241460905	
05-May-09	1500	1241547305	
06-May-09	500	1241633705	
07-May-09	0	1241720105	
08-May-09	0	1241806505	
09-May-09	0	1241892905	
10-May-09	0	1241979305	
11-May-09	50	1242065705	
12-May-09	0	1242152105	
13-May-09	51	1242238505	
14-May-09	101	1242324905	
15-May-09	50	1242411305	
16-May-09	500	1242497705	
17-May-09	0	1242584105	
18-May-09	0	1242670505	
19-May-09	0	1242756905	
20-May-09	0	1242843305	
21-May-09	0	1242929705	
22-May-09	0	1243016105	
23-May-09	0	1243102505	
24-May-09	0	1243188905	
25-May-09	0	1243275305	
26-May-09	0	1243361705	
27-May-09	0	1243448105	
28-May-09	0	1243534505	
29-May-09	3000	1243620905	
30-May-09	0	1243707305	
31-May-09	0	1243793705	
01-Jun-09	0	1243880105	
02-Jun-09	0	1243966505	
03-Jun-09	0	1244052905	
04-Jun-09	0	1244139305	
05-Jun-09	0	1244225705	
06-Jun-09	0	1244312105	
07-Jun-09	0	1244398505	
08-Jun-09	0	1244484905	
09-Jun-09	0	1244571305	
10-Jun-09	0	1244657705	
11-Jun-09	0	1244744105	
12-Jun-09	0	1244830505	
13-Jun-09	0	1244916905	
14-Jun-09	0	1245003305	
15-Jun-09	0	1245089705	
16-Jun-09	0	1245176105	
17-Jun-09	0	1245262505	
18-Jun-09	0	1245348905	
19-Jun-09	0	1245435305	
20-Jun-09	0	1245521705	
21-Jun-09	0	1245608105	
22-Jun-09	3000	1245694505	
23-Jun-09	0	1245780905	
24-Jun-09	125	1245867305	
25-Jun-09	0	1245953705	
26-Jun-09	1000	1246040105	
27-Jun-09	0	1246126505	
28-Jun-09	25	1246212905	
29-Jun-09	0	1246299305	
30-Jun-09	125	1246385705	
01-Jul-09	100	1246472105	
02-Jul-09	0	1246558505	
03-Jul-09	10	1246644905	
04-Jul-09	0	1246731305	
05-Jul-09	0	1246817705	
06-Jul-09	0	1246904105	
07-Jul-09	0	1246990505	
08-Jul-09	0	1247076905	
09-Jul-09	0	1247163305	
10-Jul-09	0	1247249705	
11-Jul-09	0	1247336105	
12-Jul-09	0	1247422505	
13-Jul-09	0	1247508905	
14-Jul-09	0	1247595305	
15-Jul-09	0	1247681705	
16-Jul-09	0	1247768105	
17-Jul-09	0	1247854505	
18-Jul-09	0	1247940905	
19-Jul-09	0	1248027305	
20-Jul-09	0	1248113705	
21-Jul-09	6000	1248200105	
22-Jul-09	0	1248286505	
23-Jul-09	0	1248372905	
24-Jul-09	0	1248459305	
25-Jul-09	0	1248545705	
26-Jul-09	0	1248632105	
27-Jul-09	0	1248718505	
28-Jul-09	0	1248804905	
29-Jul-09	0	1248891305	
30-Jul-09	105	1248977705	
31-Jul-09	0	1249064105	
01-Aug-09	0	1249150505	
02-Aug-09	0	1249236905	
03-Aug-09	0	1249323305	
04-Aug-09	0	1249409705	
05-Aug-09	0	1249496105	
06-Aug-09	0	1249582505	
07-Aug-09	0	1249668905	
08-Aug-09	5500	1249755305	
09-Aug-09	0	1249841705	
10-Aug-09	0	1249928105	
11-Aug-09	0	1250014505	
12-Aug-09	0	1250100905	
13-Aug-09	0	1250187305	
14-Aug-09	0	1250273705	
15-Aug-09	0	1250360105	
16-Aug-09	0	1250446505	
17-Aug-09	0	1250532905	
18-Aug-09	0	1250619305	
19-Aug-09	0	1250705705	
20-Aug-09	0	1250792105	
21-Aug-09	0	1250878505	
22-Aug-09	0	1250964905	
23-Aug-09	0	1251051305	
24-Aug-09	0	1251137705	
25-Aug-09	0	1251224105	
26-Aug-09	0	1251310505	
27-Aug-09	2300	1251396905	
28-Aug-09	0	1251483305	
29-Aug-09	0	1251569705	
30-Aug-09	50	1251656105	
31-Aug-09	300	1251742505	
01-Sep-09	0	1251828905	
02-Sep-09	0	1251915305	
03-Sep-09	700	1252001705	
04-Sep-09	0	1252088105	
05-Sep-09	0	1252174505	
06-Sep-09	0	1252260905	
07-Sep-09	650	1252347305	
08-Sep-09	0	1252433705	
09-Sep-09	0	1252520105	
10-Sep-09	0	1252606505	
11-Sep-09	0	1252692905	
12-Sep-09	0	1252779305	
13-Sep-09	0	1252865705	
14-Sep-09	0	1252952105	
15-Sep-09	0	1253038505	
16-Sep-09	1	1253124905	
17-Sep-09	5000	1253211305	
18-Sep-09	0	1253297705	
19-Sep-09	0	1253384105	
20-Sep-09	0	1253470505	
21-Sep-09	0	1253556905	
22-Sep-09	400	1253643305	
23-Sep-09	2000	1253729705	
24-Sep-09	0	1253816105	
25-Sep-09	1300	1253902505	
26-Sep-09	0	1253988905	
27-Sep-09	800	1254075305	
28-Sep-09	0	1254161705	
29-Sep-09	2150	1254248105	
30-Sep-09	0	1254334505	
01-Oct-09	0	1254420905	
02-Oct-09	500	1254507305	
03-Oct-09	0	1254593705	
04-Oct-09	0	1254680105	
05-Oct-09	0	1254766505	
06-Oct-09	200	1254852905	
07-Oct-09	0	1254939305	
08-Oct-09	0	1255025705	
09-Oct-09	0	1255112105	
10-Oct-09	0	1255198505	
11-Oct-09	0	1255284905	
12-Oct-09	5050	1255371305	
13-Oct-09	0	1255457705	
14-Oct-09	0	1255544105	
15-Oct-09	0	1255630505	
16-Oct-09	9700	1255716905	
17-Oct-09	0	1255803305	
18-Oct-09	350	1255889705	
19-Oct-09	0	1255976105	
20-Oct-09	0	1256062505	
21-Oct-09	5000	1256148905	
22-Oct-09	12850	1256235305	
23-Oct-09	0	1256321705	
24-Oct-09	0	1256408105	
25-Oct-09	12250	1256494505	
26-Oct-09	0	1256580905	
27-Oct-09	13000	1256667305	
28-Oct-09	0	1256753705	
29-Oct-09	500	1256840105	
30-Oct-09	1550	1256926505	
31-Oct-09	0	1257012905	
01-Nov-09	0	1257099305	
02-Nov-09	0	1257185705	
03-Nov-09	0	1257272105	
04-Nov-09	0	1257358505	
05-Nov-09	15500	1257444905	
06-Nov-09	0	1257531305	
07-Nov-09	0	1257617705	
08-Nov-09	0	1257704105	
09-Nov-09	0	1257790505	
10-Nov-09	0	1257876905	
11-Nov-09	18000	1257963305	
12-Nov-09	0	1258049705	
13-Nov-09	520	1258136105	
14-Nov-09	0	1258222505	
15-Nov-09	0	1258308905	
16-Nov-09	0	1258395305	
17-Nov-09	0	1258481705	
18-Nov-09	0	1258568105	
19-Nov-09	0	1258654505	
20-Nov-09	44350	1258740905	
21-Nov-09	0	1258827305	
22-Nov-09	0	1258913705	
23-Nov-09	0	1259000105	
24-Nov-09	0	1259086505	
25-Nov-09	0	1259172905	
26-Nov-09	0	1259259305	
27-Nov-09	0	1259345705	
28-Nov-09	0	1259432105	
29-Nov-09	0	1259518505	
30-Nov-09	0	1259604905	
01-Dec-09	0	1259691305	
02-Dec-09	10000	1259777705	
03-Dec-09	0	1259864105	
04-Dec-09	0	1259950505	
05-Dec-09	0	1260036905	
06-Dec-09	996	1260123305	
07-Dec-09	0	1260209705	
08-Dec-09	1500	1260296105	
09-Dec-09	2104	1260382505	
10-Dec-09	21	1260468905	
11-Dec-09	0	1260555305	
12-Dec-09	5200	1260641705	
13-Dec-09	0	1260728105	
14-Dec-09	32497	1260814505	
15-Dec-09	5450	1260900905	
16-Dec-09	851	1260987305	
17-Dec-09	201	1261073705	
18-Dec-09	1	1261160105	
19-Dec-09	50	1261246505	
20-Dec-09	0	1261332905	
21-Dec-09	50	1261419305	
22-Dec-09	0	1261505705	
23-Dec-09	0	1261592105	
24-Dec-09	0	1261678505	
25-Dec-09	1	1261764905	
26-Dec-09	0	1261851305	
27-Dec-09	250	1261937705	
28-Dec-09	0	1262024105	
29-Dec-09	0	1262110505	
30-Dec-09	0	1262196905	
31-Dec-09	0	1262283305	
01-Jan-10	0	1262369705	
02-Jan-10	100	1262456105	
03-Jan-10	0	1262542505	
04-Jan-10	20778	1262628905	
05-Jan-10	0	1262715305	
06-Jan-10	0	1262801705	
07-Jan-10	0	1262888105	
08-Jan-10	0	1262974505	
09-Jan-10	0	1263060905	
10-Jan-10	0	1263147305	
11-Jan-10	0	1263233705	
12-Jan-10	10749	1263320105	
13-Jan-10	6	1263406505	
14-Jan-10	1	1263492905	
15-Jan-10	400	1263579305	
16-Jan-10	201	1263665705	
17-Jan-10	251	1263752105	
18-Jan-10	0	1263838505	
19-Jan-10	23	1263924905	
20-Jan-10	0	1264011305	
21-Jan-10	210	1264097705	
22-Jan-10	200	1264184105	
23-Jan-10	1	1264270505	
24-Jan-10	54	1264356905	
25-Jan-10	3275	1264443305	
26-Jan-10	725	1264529705	
27-Jan-10	200	1264616105	
28-Jan-10	1850	1264702505	
29-Jan-10	550	1264788905	
30-Jan-10	800	1264875305	
31-Jan-10	1650	1264961705	
01-Feb-10	2700	1265048105	
02-Feb-10	0	1265134505	
03-Feb-10	1350	1265220905	
04-Feb-10	350	1265307305	
05-Feb-10	13768	1265393705	
06-Feb-10	1300	1265480105	
07-Feb-10	802	1265566505	
08-Feb-10	7004	1265652905	
09-Feb-10	200	1265739305	
10-Feb-10	51000	1265825705	
11-Feb-10	800	1265912105	
12-Feb-10	8825	1265998505	
13-Feb-10	2199	1266084905	
14-Feb-10	19500	1266171305	
15-Feb-10	3065	1266257705	
16-Feb-10	2014	1266344105	
17-Feb-10	36500	1266430505	
18-Feb-10	7413	1266516905	
19-Feb-10	700	1266603305	
20-Feb-10	50	1266689705	
21-Feb-10	1553	1266776105	
22-Feb-10	19551	1266862505	
23-Feb-10	50	1266948905	
24-Feb-10	5300	1267035305	
25-Feb-10	700	1267121705	
26-Feb-10	13162	1267208105	
27-Feb-10	450	1267294505	
28-Feb-10	5250	1267380905	
01-Mar-10	1000	1267467305	
02-Mar-10	2600	1267553705	
03-Mar-10	250	1267640105	
04-Mar-10	10300	1267726505	
05-Mar-10	19150	1267812905	
06-Mar-10	23646	1267899305	
07-Mar-10	7555	1267985705	
08-Mar-10	9011	1268072105	
09-Mar-10	4000	1268158505	
10-Mar-10	1351	1268244905	
11-Mar-10	4351	1268331305	
12-Mar-10	250	1268417705	
13-Mar-10	1900	1268504105	
14-Mar-10	1550	1268590505	
15-Mar-10	7	1268676905	
16-Mar-10	150	1268763305	
17-Mar-10	2151	1268849705	
18-Mar-10	240	1268936105	
19-Mar-10	8820	1269022505	
20-Mar-10	3866	1269108905	
21-Mar-10	1567	1269195305	
22-Mar-10	2650	1269281705	
23-Mar-10	3703	1269368105	
24-Mar-10	1336	1269454505	
25-Mar-10	24500	1269540905	
26-Mar-10	2502	1269627305	
27-Mar-10	4225	1269713705	
28-Mar-10	1900	1269800105	
29-Mar-10	3650	1269886505	
30-Mar-10	550	1269972905	
31-Mar-10	1050	1270059305	
01-Apr-10	1473	1270145705	
02-Apr-10	1400	1270232105	
03-Apr-10	1672	1270318505	
04-Apr-10	2107	1270404905	
05-Apr-10	4210	1270491305	
06-Apr-10	10305	1270577705	
07-Apr-10	5499	1270664105	
08-Apr-10	3238	1270750505	
09-Apr-10	2410	1270836905	
10-Apr-10	22838	1270923305	
11-Apr-10	10413	1271009705	
12-Apr-10	23619	1271096105	
13-Apr-10	3277	1271182505	
14-Apr-10	5149	1271268905	
15-Apr-10	45814	1271355305	
16-Apr-10	7691	1271441705	
17-Apr-10	7856	1271528105	
18-Apr-10	8830	1271614505	
19-Apr-10	9091	1271700905	
20-Apr-10	31926	1271787305	
21-Apr-10	3945	1271873705	
22-Apr-10	22122	1271960105	
23-Apr-10	4588	1272046505	
24-Apr-10	2816	1272132905	
25-Apr-10	7651	1272219305	
26-Apr-10	8540	1272305705	
27-Apr-10	13402	1272392105	
28-Apr-10	6769	1272478505	
29-Apr-10	5428	1272564905	
30-Apr-10	33252	1272651305	
01-May-10	7679	1272737705	
02-May-10	2229	1272824105	
03-May-10	7653	1272910505	
04-May-10	5960	1272996905	
05-May-10	25978	1273083305	
06-May-10	9500	1273169705	
07-May-10	37872	1273256105	
08-May-10	3211	1273342505	
09-May-10	22978	1273428905	
10-May-10	5951	1273515305	
11-May-10	4850	1273601705	
12-May-10	9450	1273688105	
13-May-10	20128	1273774505	
14-May-10	12033	1273860905	
15-May-10	3758	1273947305	
16-May-10	2689	1274033705	
17-May-10	9621	1274120105	
18-May-10	7976	1274206505	
19-May-10	13765	1274292905	
20-May-10	3888	1274379305	
21-May-10	6165	1274465705	
22-May-10	46229	1274552105	
23-May-10	35646	1274638505	
24-May-10	7821	1274724905	
25-May-10	8200	1274811305	
26-May-10	13154	1274897705	
27-May-10	11237	1274984105	
28-May-10	13093	1275070505	
29-May-10	14877	1275156905	
30-May-10	12593	1275243305	
31-May-10	3377	1275329705	
01-Jun-10	7492	1275416105	
02-Jun-10	9505	1275502505	
03-Jun-10	8251	1275588905	
04-Jun-10	22260	1275675305	
05-Jun-10	4450	1275761705	
06-Jun-10	5700	1275848105	
07-Jun-10	20603	1275934505	
08-Jun-10	19952	1276020905	
09-Jun-10	17257	1276107305	
10-Jun-10	31192	1276193705	
11-Jun-10	7488	1276280105	
12-Jun-10	7798	1276366505	
13-Jun-10	6442	1276452905	
14-Jun-10	13756	1276539305	
15-Jun-10	18693	1276625705	
16-Jun-10	5436	1276712105	
17-Jun-10	27213	1276798505	
18-Jun-10	2627	1276884905	
19-Jun-10	45869	1276971305	
20-Jun-10	13193	1277057705	
21-Jun-10	6033	1277144105	
22-Jun-10	7974	1277230505	
23-Jun-10	7373	1277316905	
24-Jun-10	24475	1277403305	
25-Jun-10	8608	1277489705	
26-Jun-10	23311	1277576105	
27-Jun-10	11701	1277662505	
28-Jun-10	19406	1277748905	
29-Jun-10	29696	1277835305	
30-Jun-10	27921	1277921705	
01-Jul-10	32945	1278008105	
02-Jul-10	20072	1278094505	
03-Jul-10	98557	1278180905	
04-Jul-10	12166	1278267305	
05-Jul-10	50746	1278353705	
06-Jul-10	28620	1278440105	
07-Jul-10	42100	1278526505	
08-Jul-10	4437	1278612905	
09-Jul-10	6161	1278699305	
10-Jul-10	14270	1278785705	
11-Jul-10	19383	1278872105	
12-Jul-10	74014	1278958505	
13-Jul-10	41971	1279044905	
14-Jul-10	42482	1279131305	
15-Jul-10	55359	1279217705	
16-Jul-10	40352	1279304105	
17-Jul-10	29286	1279390505	
18-Jul-10	24704	1279476905	
19-Jul-10	34326	1279563305	
20-Jul-10	13891	1279649705	
21-Jul-10	18803	1279736105	
22-Jul-10	23458	1279822505	
23-Jul-10	15656	1279908905	
24-Jul-10	28599	1279995305	
25-Jul-10	20083	1280081705	
26-Jul-10	27157	1280168105	
27-Jul-10	63497	1280254505	
28-Jul-10	24087	1280340905	
29-Jul-10	56599	1280427305	
30-Jul-10	23813	1280513705	
31-Jul-10	15079	1280600105	
01-Aug-10	11178	1280686505	
02-Aug-10	14020	1280772905	
03-Aug-10	16547	1280859305	
04-Aug-10	27509	1280945705	
05-Aug-10	18402	1281032105	
06-Aug-10	16385	1281118505	
07-Aug-10	15056	1281204905	
08-Aug-10	11277	1281291305	
09-Aug-10	25114	1281377705	
10-Aug-10	54669	1281464105	
11-Aug-10	43379	1281550505	
12-Aug-10	22687	1281636905	
13-Aug-10	21943	1281723305	
14-Aug-10	11587	1281809705	
15-Aug-10	13369	1281896105	
16-Aug-10	18336	1281982505	
17-Aug-10	48276	1282068905	
18-Aug-10	35791	1282155305	
19-Aug-10	13756	1282241705	
20-Aug-10	21143	1282328105	
21-Aug-10	17456	1282414505	
22-Aug-10	29971	1282500905	
23-Aug-10	11325	1282587305	
24-Aug-10	11639	1282673705	
25-Aug-10	7927	1282760105	
26-Aug-10	18406	1282846505	
27-Aug-10	9867	1282932905	
28-Aug-10	24297	1283019305	
29-Aug-10	10183	1283105705	
30-Aug-10	12242	1283192105	
31-Aug-10	36148	1283278505	
01-Sep-10	10608	1283364905	
02-Sep-10	17917	1283451305	
03-Sep-10	27623	1283537705	
04-Sep-10	31088	1283624105	
05-Sep-10	13704	1283710505	
06-Sep-10	38581	1283796905	
07-Sep-10	21773	1283883305	
08-Sep-10	12730	1283969705	
09-Sep-10	16263	1284056105	
10-Sep-10	10471	1284142505	
11-Sep-10	8960	1284228905	
12-Sep-10	14410	1284315305	
13-Sep-10	22765	1284401705	
14-Sep-10	21753	1284488105	
15-Sep-10	27312	1284574505	
16-Sep-10	20542	1284660905	
17-Sep-10	29419	1284747305	
18-Sep-10	64511	1284833705	
19-Sep-10	47333	1284920105	
20-Sep-10	37079	1285006505	
21-Sep-10	19532	1285092905	
22-Sep-10	29221	1285179305	
23-Sep-10	52468	1285265705	
24-Sep-10	33287	1285352105	
25-Sep-10	17081	1285438505	
26-Sep-10	17937	1285524905	
27-Sep-10	23224	1285611305	
28-Sep-10	36393	1285697705	
29-Sep-10	75030	1285784105	
30-Sep-10	23113	1285870505	
01-Oct-10	37900	1285956905	
02-Oct-10	26603	1286043305	
03-Oct-10	308807	1286129705	
04-Oct-10	52756	1286216105	
05-Oct-10	102992	1286302505	
06-Oct-10	47798	1286388905	
07-Oct-10	113361	1286475305	
08-Oct-10	141197	1286561705	
09-Oct-10	119618	1286648105	
10-Oct-10	100796	1286734505	
11-Oct-10	44629	1286820905	
12-Oct-10	53705	1286907305	
13-Oct-10	20565	1286993705	
14-Oct-10	54510	1287080105	
15-Oct-10	61040	1287166505	
16-Oct-10	88694	1287252905	
17-Oct-10	42958	1287339305	
18-Oct-10	35804	1287425705	
19-Oct-10	26563	1287512105	
20-Oct-10	53581	1287598505	
21-Oct-10	61704	1287684905	
22-Oct-10	21545	1287771305	
23-Oct-10	22526	1287857705	
24-Oct-10	62707	1287944105	
25-Oct-10	28663	1288030505	
26-Oct-10	67585	1288116905	
27-Oct-10	95974	1288203305	
28-Oct-10	34660	1288289705	
29-Oct-10	84353	1288376105	
30-Oct-10	53262	1288462505	
31-Oct-10	37864	1288548905	
01-Nov-10	29308	1288635305	
02-Nov-10	25460	1288721705	
03-Nov-10	24894	1288808105	
04-Nov-10	121157	1288894505	
05-Nov-10	34158	1288980905	
06-Nov-10	97886	1289067305	
07-Nov-10	48507	1289153705	
08-Nov-10	362333	1289240105	
09-Nov-10	76779	1289326505	
10-Nov-10	23186	1289412905	
11-Nov-10	23965	1289499305	
12-Nov-10	12168	1289585705	
13-Nov-10	22213	1289672105	
14-Nov-10	18968	1289758505	
15-Nov-10	34712	1289844905	
16-Nov-10	62913	1289931305	
17-Nov-10	29748	1290017705	
18-Nov-10	19312	1290104105	
19-Nov-10	22933	1290190505	
20-Nov-10	44336	1290276905	
21-Nov-10	40694	1290363305	
22-Nov-10	14892	1290449705	
23-Nov-10	26813	1290536105	
24-Nov-10	28430	1290622505	
25-Nov-10	35493	1290708905	
26-Nov-10	85229	1290795305	
27-Nov-10	14023	1290881705	
28-Nov-10	17779	1290968105	
29-Nov-10	14877	1291054505	
30-Nov-10	37503	1291140905	
01-Dec-10	57641	1291227305	
02-Dec-10	49189	1291313705	
03-Dec-10	22943	1291400105	
04-Dec-10	43158	1291486505	
05-Dec-10	20058	1291572905	
06-Dec-10	68458	1291659305	
07-Dec-10	35807	1291745705	
08-Dec-10	32359	1291832105	
09-Dec-10	21406	1291918505	
10-Dec-10	16465	1292004905	
11-Dec-10	35052	1292091305	
12-Dec-10	11573	1292177705	
13-Dec-10	61238	1292264105	
14-Dec-10	35810	1292350505	
15-Dec-10	28533	1292436905	
16-Dec-10	19227	1292523305	
17-Dec-10	15390	1292609705	
18-Dec-10	27822	1292696105	
19-Dec-10	49844	1292782505	
20-Dec-10	9947	1292868905	
21-Dec-10	25471	1292955305	
22-Dec-10	52973	1293041705	
23-Dec-10	12081	1293128105	
24-Dec-10	8306	1293214505	
25-Dec-10	16699	1293300905	
26-Dec-10	6221	1293387305	
27-Dec-10	36631	1293473705	
28-Dec-10	32108	1293560105	
29-Dec-10	39442	1293646505	
30-Dec-10	24101	1293732905	
31-Dec-10	15190	1293819305	
01-Jan-11	14165	1293905705	
02-Jan-11	16549	1293992105	
03-Jan-11	16147	1294078505	
04-Jan-11	29843	1294164905	
05-Jan-11	15872	1294251305	
06-Jan-11	16897	1294337705	
07-Jan-11	16471	1294424105	
08-Jan-11	28540	1294510505	
09-Jan-11	15229	1294596905	
10-Jan-11	29205	1294683305	
11-Jan-11	33205	1294769705	
12-Jan-11	54291	1294856105	
13-Jan-11	30136	1294942505	
14-Jan-11	46542	1295028905	
15-Jan-11	49149	1295115305	
16-Jan-11	14231	1295201705	
17-Jan-11	53120	1295288105	
18-Jan-11	44858	1295374505	
19-Jan-11	41823	1295460905	
20-Jan-11	39116	1295547305	
21-Jan-11	22131	1295633705	
22-Jan-11	30108	1295720105	
23-Jan-11	41308	1295806505	
24-Jan-11	32648	1295892905	
25-Jan-11	22572	1295979305	
26-Jan-11	19656	1296065705	
27-Jan-11	585044	1296152105	
28-Jan-11	168850	1296238505	
29-Jan-11	20243	1296324905	
30-Jan-11	14816	1296411305	
31-Jan-11	22125	1296497705	
01-Feb-11	65952	1296584105	
02-Feb-11	83347	1296670505	
03-Feb-11	37980	1296756905	
04-Feb-11	26818	1296843305	
05-Feb-11	47336	1296929705	
06-Feb-11	24206	1297016105	
07-Feb-11	117154	1297102505	
08-Feb-11	29709	1297188905	
09-Feb-11	27157	1297275305	
10-Feb-11	65974	1297361705	
11-Feb-11	44865	1297448105	
12-Feb-11	33819	1297534505	
13-Feb-11	20222	1297620905	
14-Feb-11	26912	1297707305	
15-Feb-11	49798	1297793705	
16-Feb-11	29042	1297880105	
17-Feb-11	15136	1297966505	
18-Feb-11	29197	1298052905	
19-Feb-11	39425	1298139305	
20-Feb-11	30970	1298225705	
21-Feb-11	27628	1298312105	
22-Feb-11	31476	1298398505	
23-Feb-11	27635	1298484905	
24-Feb-11	32620	1298571305	
25-Feb-11	31889	1298657705	
26-Feb-11	52964	1298744105	
27-Feb-11	81308	1298830505	
28-Feb-11	25477	1298916905	
01-Mar-11	245575	1299003305	
02-Mar-11	102167	1299089705	
03-Mar-11	95765	1299176105	
04-Mar-11	42351	1299262505	
05-Mar-11	25239	1299348905	
06-Mar-11	44242	1299435305	
07-Mar-11	37530	1299521705	
08-Mar-11	41558	1299608105	
09-Mar-11	101936	1299694505	
10-Mar-11	133197	1299780905	
11-Mar-11	104570	1299867305	
12-Mar-11	65700	1299953705	
13-Mar-11	56110	1300040105	
14-Mar-11	138121	1300126505	
15-Mar-11	81372	1300212905	
16-Mar-11	69316	1300299305	
17-Mar-11	87744	1300385705	
18-Mar-11	68006	1300472105	
19-Mar-11	62606	1300558505	
20-Mar-11	44225	1300644905	
21-Mar-11	56973	1300731305	
22-Mar-11	79382	1300817705	
23-Mar-11	76069	1300904105	
24-Mar-11	109095	1300990505	
25-Mar-11	78856	1301076905	
26-Mar-11	112312	1301163305	
27-Mar-11	64329	1301249705	
28-Mar-11	66894	1301336105	
29-Mar-11	54311	1301422505	
30-Mar-11	54561	1301508905	
31-Mar-11	62342	1301595305	
01-Apr-11	47904	1301681705	
02-Apr-11	33123	1301768105	
03-Apr-11	56526	1301854505	
04-Apr-11	49865	1301940905	
05-Apr-11	64725	1302027305	
06-Apr-11	36643	1302113705	
07-Apr-11	67732	1302200105	
08-Apr-11	49910	1302286505	
09-Apr-11	62897	1302372905	
10-Apr-11	48990	1302459305	
11-Apr-11	46477	1302545705	
12-Apr-11	77504	1302632105	
13-Apr-11	74439	1302718505	
14-Apr-11	48707	1302804905	
15-Apr-11	91834	1302891305	
16-Apr-11	139197	1302977705	
17-Apr-11	719605	1303064105	
18-Apr-11	72965	1303150505	
19-Apr-11	1681065	1303236905	
20-Apr-11	674834	1303323305	
21-Apr-11	61429	1303409705	
22-Apr-11	135533	1303496105	
23-Apr-11	82849	1303582505	
24-Apr-11	83009	1303668905	
25-Apr-11	44931	1303755305	
26-Apr-11	63927	1303841705	
27-Apr-11	53907	1303928105	
28-Apr-11	111295	1304014505	
29-Apr-11	203720	1304100905	
30-Apr-11	289771	1304187305	
01-May-11	79974	1304273705	
02-May-11	61723	1304360105	
03-May-11	92210	1304446505	
04-May-11	184338	1304532905	
05-May-11	76387	1304619305	
06-May-11	98543	1304705705	
07-May-11	99882	1304792105	
08-May-11	79448	1304878505	
09-May-11	72603	1304964905	
10-May-11	104592	1305051305	
11-May-11	114243	1305137705	
12-May-11	101674	1305224105	
13-May-11	324020	1305310505	
14-May-11	656162	1305396905	
15-May-11	272130	1305483305	
16-May-11	62341	1305569705	
17-May-11	138205	1305656105	
18-May-11	80290	1305742505	
19-May-11	55649	1305828905	
20-May-11	61492	1305915305	
21-May-11	428152	1306001705	
22-May-11	249531	1306088105	
23-May-11	88140	1306174505	
24-May-11	57121	1306260905	
25-May-11	75461	1306347305	
26-May-11	88823	1306433705	
27-May-11	348801	1306520105	
28-May-11	47743	1306606505	
29-May-11	61952	1306692905	
30-May-11	48576	1306779305	
31-May-11	67042	1306865705	
01-Jun-11	62936	1306952105	
02-Jun-11	81061	1307038505	
03-Jun-11	155241	1307124905	
04-Jun-11	87414	1307211305	
05-Jun-11	91087	1307297705	
06-Jun-11	108682	1307384105	
07-Jun-11	71549	1307470505	
08-Jun-11	153860	1307556905	
09-Jun-11	177348	1307643305	
10-Jun-11	109826	1307729705	
11-Jun-11	154088	1307816105	
12-Jun-11	620400	1307902505	
13-Jun-11	154170	1307988905	
14-Jun-11	298363	1308075305	
15-Jun-11	122562	1308161705	
16-Jun-11	132251	1308248105	
17-Jun-11	152927	1308334505	
18-Jun-11	116204	1308420905	
19-Jun-11	112599	1308507305	
20-Jun-11	836861	1308593705	
21-Jun-11	114264	1308680105	
22-Jun-11	122507	1308766505	
23-Jun-11	475995	1308852905	
24-Jun-11	106146	1308939305	
25-Jun-11	110463	1309025705	
26-Jun-11	62915	1309112105	
27-Jun-11	96966	1309198505	
28-Jun-11	150062	1309284905	
29-Jun-11	78893	1309371305	
30-Jun-11	99849	1309457705	
01-Jul-11	101842	1309544105	
02-Jul-11	91032	1309630505	
03-Jul-11	44020	1309716905	
04-Jul-11	60738	1309803305	
05-Jul-11	86599	1309889705	
06-Jul-11	86477	1309976105	
07-Jul-11	64076	1310062505	
08-Jul-11	49867	1310148905	
09-Jul-11	50930	1310235305	
10-Jul-11	51957	1310321705	
11-Jul-11	68593	1310408105	
12-Jul-11	56751	1310494505	
13-Jul-11	55376	1310580905	
14-Jul-11	50253	1310667305	
15-Jul-11	49800	1310753705	
16-Jul-11	43349	1310840105	
17-Jul-11	46909	1310926505	
18-Jul-11	187452	1311012905	
19-Jul-11	78884	1311099305	
20-Jul-11	56113	1311185705	
21-Jul-11	56555	1311272105	
22-Jul-11	57368	1311358505	
23-Jul-11	53874	1311444905	
24-Jul-11	41421	1311531305	
25-Jul-11	69025	1311617705	
26-Jul-11	61760	1311704105	
27-Jul-11	62083	1311790505	
28-Jul-11	92723	1311876905	
29-Jul-11	81460	1311963305	
30-Jul-11	49809	1312049705	
31-Jul-11	53514	1312136105	
01-Aug-11	57864	1312222505	
02-Aug-11	86516	1312308905	
03-Aug-11	94777	1312395305	
04-Aug-11	83388	1312481705	
05-Aug-11	117231	1312568105	
06-Aug-11	68224	1312654505	
07-Aug-11	130394	1312740905	
08-Aug-11	171236	1312827305	
09-Aug-11	69302	1312913705	
10-Aug-11	59908	1313000105	
11-Aug-11	55274	1313086505	
12-Aug-11	55909	1313172905	
13-Aug-11	44865	1313259305	
14-Aug-11	56161	1313345705	
15-Aug-11	66808	1313432105	
16-Aug-11	54361	1313518505	
17-Aug-11	63047	1313604905	
18-Aug-11	87101	1313691305	
19-Aug-11	55157	1313777705	
20-Aug-11	46651	1313864105	
21-Aug-11	40907	1313950505	
22-Aug-11	56422	1314036905	
23-Aug-11	47574	1314123305	
24-Aug-11	65331	1314209705	
25-Aug-11	131799	1314296105	
26-Aug-11	80982	1314382505	
27-Aug-11	1130325	1314468905	
28-Aug-11	39104	1314555305	
29-Aug-11	41172	1314641705	
30-Aug-11	49082	1314728105	
31-Aug-11	49554	1314814505	
01-Sep-11	56648	1314900905	
02-Sep-11	56115	1314987305	
03-Sep-11	43347	1315073705	
04-Sep-11	66163	1315160105	
05-Sep-11	80592	1315246505	
06-Sep-11	84364	1315332905	
07-Sep-11	128531	1315419305	
08-Sep-11	62044	1315505705	
09-Sep-11	127883	1315592105	
10-Sep-11	74357	1315678505	
11-Sep-11	763603	1315764905	
12-Sep-11	80030	1315851305	
13-Sep-11	56214	1315937705	
14-Sep-11	78213	1316024105	
15-Sep-11	52444	1316110505	
16-Sep-11	88805	1316196905	
17-Sep-11	68373	1316283305	
18-Sep-11	56328	1316369705	
19-Sep-11	69693	1316456105	
20-Sep-11	81908	1316542505	
21-Sep-11	121113	1316628905	
22-Sep-11	74744	1316715305	
23-Sep-11	56265	1316801705	
24-Sep-11	66736	1316888105	
25-Sep-11	53301	1316974505	
26-Sep-11	65547	1317060905	
27-Sep-11	79585	1317147305	
28-Sep-11	65164	1317233705	
29-Sep-11	50305	1317320105	
30-Sep-11	60258	1317406505	
01-Oct-11	70623	1317492905	
02-Oct-11	54094	1317579305	
03-Oct-11	52570	1317665705	
04-Oct-11	69864	1317752105	
05-Oct-11	79500	1317838505	
06-Oct-11	134238	1317924905	
07-Oct-11	87797	1318011305	
08-Oct-11	104100	1318097705	
09-Oct-11	74440	1318184105	
10-Oct-11	55810	1318270505	
11-Oct-11	78723	1318356905	
12-Oct-11	70334	1318443305	
13-Oct-11	71841	1318529705	
14-Oct-11	76909	1318616105	
15-Oct-11	75300	1318702505	
16-Oct-11	56120	1318788905	
17-Oct-11	117624	1318875305	
18-Oct-11	103352	1318961705	
19-Oct-11	90904	1319048105	
20-Oct-11	124854	1319134505	
21-Oct-11	95345	1319220905	
22-Oct-11	96049	1319307305	
23-Oct-11	105599	1319393705	
24-Oct-11	94834	1319480105	
25-Oct-11	111223	1319566505	
26-Oct-11	121547	1319652905	
27-Oct-11	77823	1319739305	
28-Oct-11	122437	1319825705	
29-Oct-11	188686	1319912105	
30-Oct-11	79972	1319998505	
31-Oct-11	84760	1320084905	
01-Nov-11	126458	1320171305	
02-Nov-11	138314	1320257705	
03-Nov-11	114474	1320344105	
04-Nov-11	103368	1320430505	
05-Nov-11	111722	1320516905	
06-Nov-11	80316	1320603305	
07-Nov-11	65214	1320689705	
08-Nov-11	117148	1320776105	
09-Nov-11	259879	1320862505	
10-Nov-11	124976	1320948905	
11-Nov-11	140066	1321035305	
12-Nov-11	78593	1321121705	
13-Nov-11	78550	1321208105	
14-Nov-11	123034	1321294505	
15-Nov-11	164076	1321380905	
16-Nov-11	1404997	1321467305	
17-Nov-11	2577739	1321553705	
18-Nov-11	2876441	1321640105	
19-Nov-11	2397237	1321726505	
20-Nov-11	657977	1321812905	
21-Nov-11	1162237	1321899305	
22-Nov-11	1667159	1321985705	
23-Nov-11	1146873	1322072105	
24-Nov-11	170706	1322158505	
25-Nov-11	177547	1322244905	
26-Nov-11	176376	1322331305	
27-Nov-11	1115079	1322417705	
28-Nov-11	2650759	1322504105	
29-Nov-11	2047500	1322590505	
30-Nov-11	4727510	1322676905	
01-Dec-11	2459820	1322763305	
02-Dec-11	3308930	1322849705	
03-Dec-11	3682124	1322936105	
04-Dec-11	3204551	1323022505	
05-Dec-11	1883357	1323108905	
06-Dec-11	5825066	1323195305	
07-Dec-11	5313161	1323281705	
08-Dec-11	3900983	1323368105	
09-Dec-11	1170427	1323454505	
10-Dec-11	324851	1323540905	
11-Dec-11	269281	1323627305	
12-Dec-11	323120	1323713705	
13-Dec-11	162446	1323800105	
14-Dec-11	127687	1323886505	
15-Dec-11	141814	1323972905	
16-Dec-11	161418	1324059305	
17-Dec-11	132783	1324145705	
18-Dec-11	80667	1324232105	
19-Dec-11	132682	1324318505	
20-Dec-11	197252	1324404905	
21-Dec-11	164386	1324491305	
22-Dec-11	105090	1324577705	
23-Dec-11	96289	1324664105	
24-Dec-11	84429	1324750505	
25-Dec-11	66063	1324836905	
26-Dec-11	83490	1324923305	
27-Dec-11	82715	1325009705	
28-Dec-11	93300	1325096105	
29-Dec-11	116367	1325182505	
30-Dec-11	84444	1325268905	
31-Dec-11	83180	1325355305	
01-Jan-12	168855	1325441705	
02-Jan-12	103335	1325528105	
03-Jan-12	84487	1325614505	
04-Jan-12	118758	1325700905	
05-Jan-12	211068	1325787305	
06-Jan-12	173644	1325873705	
07-Jan-12	104557	1325960105	
08-Jan-12	80489	1326046505	
09-Jan-12	150094	1326132905	
10-Jan-12	107633	1326219305	
11-Jan-12	109663	1326305705	
12-Jan-12	79120	1326392105	
13-Jan-12	171761	1326478505	
14-Jan-12	123925	1326564905	
15-Jan-12	79372	1326651305	
16-Jan-12	127665	1326737705	
17-Jan-12	145102	1326824105	
18-Jan-12	153419	1326910505	
19-Jan-12	124975	1326996905	
20-Jan-12	146398	1327083305	
21-Jan-12	92748	1327169705	
22-Jan-12	62236	1327256105	
23-Jan-12	70085	1327342505	
24-Jan-12	96848	1327428905	
25-Jan-12	118374	1327515305	
26-Jan-12	130921	1327601705	
27-Jan-12	141718	1327688105	
28-Jan-12	84212	1327774505	
29-Jan-12	94613	1327860905	
30-Jan-12	82758	1327947305	
31-Jan-12	84150	1328033705	
01-Feb-12	140076	1328120105	
02-Feb-12	139333	1328206505	
03-Feb-12	117984	1328292905	
04-Feb-12	136722	1328379305	
05-Feb-12	110844	1328465705	
06-Feb-12	118829	1328552105	
07-Feb-12	113991	1328638505	
08-Feb-12	102272	1328724905	
09-Feb-12	92417	1328811305	
10-Feb-12	91333	1328897705	
11-Feb-12	103158	1328984105	
12-Feb-12	141274	1329070505	
13-Feb-12	136595	1329156905	
14-Feb-12	381705	1329243305	
15-Feb-12	429552	1329329705	
16-Feb-12	274715	1329416105	
17-Feb-12	188725	1329502505	
18-Feb-12	117067	1329588905	
19-Feb-12	81468	1329675305	
20-Feb-12	105324	1329761705	
21-Feb-12	103033	1329848105	
22-Feb-12	146255	1329934505	
23-Feb-12	125333	1330020905	
24-Feb-12	167523	1330107305	
25-Feb-12	181916	1330193705	
26-Feb-12	89343	1330280105	
27-Feb-12	91803	1330366505	
28-Feb-12	117586	1330452905	
29-Feb-12	104815	1330539305	
01-Mar-12	159214	1330625705	
02-Mar-12	233408	1330712105	
03-Mar-12	158572	1330798505	
04-Mar-12	96622	1330884905	
05-Mar-12	88589	1330971305	
06-Mar-12	116310	1331057705	
07-Mar-12	110238	1331144105	
08-Mar-12	97057	1331230505	
09-Mar-12	107066	1331316905	
10-Mar-12	102401	1331403305	
11-Mar-12	73297	1331489705	
12-Mar-12	108891	1331576105	
13-Mar-12	135029	1331662505	
14-Mar-12	118761	1331748905	
15-Mar-12	156955	1331835305	
16-Mar-12	138815	1331921705	
17-Mar-12	89781	1332008105	
18-Mar-12	90067	1332094505	
19-Mar-12	115337	1332180905	
20-Mar-12	122659	1332267305	
21-Mar-12	146266	1332353705	
22-Mar-12	126082	1332440105	
23-Mar-12	127626	1332526505	
24-Mar-12	103797	1332612905	
25-Mar-12	126527	1332699305	
26-Mar-12	111346	1332785705	
27-Mar-12	136448	1332872105	
28-Mar-12	134818	1332958505	
29-Mar-12	142839	1333044905	
30-Mar-12	138699	1333131305	
31-Mar-12	114701	1333217705	
01-Apr-12	91777	1333304105	
02-Apr-12	111515	1333390505	
03-Apr-12	153329	1333476905	
04-Apr-12	156515	1333563305	
05-Apr-12	167750	1333649705	
06-Apr-12	180108	1333736105	
07-Apr-12	108965	1333822505	
08-Apr-12	85880	1333908905	
09-Apr-12	258683	1333995305	
10-Apr-12	256832	1334081705	
11-Apr-12	139353	1334168105	
12-Apr-12	255538	1334254505	
13-Apr-12	194199	1334340905	
14-Apr-12	187669	1334427305	
15-Apr-12	86481	1334513705	
16-Apr-12	163626	1334600105	
17-Apr-12	218911	1334686505	
18-Apr-12	177576	1334772905	
19-Apr-12	200127	1334859305	
20-Apr-12	222789	1334945705	
21-Apr-12	170294	1335032105	
22-Apr-12	176558	1335118505	
23-Apr-12	117304	1335204905	
24-Apr-12	155892	1335291305	
25-Apr-12	152672	1335377705	
26-Apr-12	204850	1335464105	
27-Apr-12	146063	1335550505	
28-Apr-12	132702	1335636905	
29-Apr-12	159552	1335723305	
30-Apr-12	114217	1335809705	
01-May-12	153169	1335896105	
02-May-12	154490	1335982505	
03-May-12	175809	1336068905	
04-May-12	142735	1336155305	
05-May-12	145974	1336241705	
06-May-12	195711	1336328105	
07-May-12	175687	1336414505	
08-May-12	171910	1336500905	
09-May-12	223474	1336587305	
10-May-12	234320	1336673705	
11-May-12	226329	1336760105	
12-May-12	173582	1336846505	
13-May-12	142362	1336932905	
14-May-12	140318	1337019305	
15-May-12	225197	1337105705	
16-May-12	187810	1337192105	
17-May-12	160678	1337278505	
18-May-12	256286	1337364905	
19-May-12	148747	1337451305	
20-May-12	148100	1337537705	
21-May-12	212254	1337624105	
22-May-12	273824	1337710505	
23-May-12	210483	1337796905	
24-May-12	152568	1337883305	
25-May-12	161432	1337969705	
26-May-12	143467	1338056105	
27-May-12	133162	1338142505	
28-May-12	149480	1338228905	
29-May-12	200435	1338315305	
30-May-12	198600	1338401705	
31-May-12	211059	1338488105	
01-Jun-12	620177	1338574505	
02-Jun-12	187427	1338660905	
03-Jun-12	113586	1338747305	
04-Jun-12	210401	1338833705	
05-Jun-12	240143	1338920105	
06-Jun-12	194682	1339006505	
07-Jun-12	222169	1339092905	
08-Jun-12	245424	1339179305	
09-Jun-12	230720	1339265705	
10-Jun-12	151322	1339352105	
11-Jun-12	176125	1339438505	
12-Jun-12	204751	1339524905	
13-Jun-12	264527	1339611305	
14-Jun-12	180477	1339697705	
15-Jun-12	202779	1339784105	
16-Jun-12	269180	1339870505	
17-Jun-12	160772	1339956905	
18-Jun-12	195271	1340043305	
19-Jun-12	216607	1340129705	
20-Jun-12	255335	1340216105	
21-Jun-12	189732	1340302505	
22-Jun-12	246541	1340388905	
23-Jun-12	158650	1340475305	
24-Jun-12	266424	1340561705	
25-Jun-12	185586	1340648105	
26-Jun-12	299260	1340734505	
27-Jun-12	241559	1340820905	
28-Jun-12	231983	1340907305	
29-Jun-12	148066	1340993705	
30-Jun-12	143265	1341080105	
01-Jul-12	100010	1341166505	
02-Jul-12	144843	1341252905	
03-Jul-12	279930	1341339305	
04-Jul-12	229940	1341425705	
05-Jul-12	182314	1341512105	
06-Jul-12	196760	1341598505	
07-Jul-12	161200	1341684905	
08-Jul-12	128522	1341771305	
09-Jul-12	186366	1341857705	
10-Jul-12	242268	1341944105	
11-Jul-12	207269	1342030505	
12-Jul-12	241800	1342116905	
13-Jul-12	317339	1342203305	
14-Jul-12	303924	1342289705	
15-Jul-12	147666	1342376105	
16-Jul-12	200425	1342462505	
17-Jul-12	411541	1342548905	
18-Jul-12	293536	1342635305	
19-Jul-12	184476	1342721705	
20-Jul-12	248806	1342808105	
21-Jul-12	228266	1342894505	
22-Jul-12	138685	1342980905	
23-Jul-12	199655	1343067305	
24-Jul-12	226600	1343153705	
25-Jul-12	194555	1343240105	
26-Jul-12	240325	1343326505	
27-Jul-12	166097	1343412905	
28-Jul-12	137658	1343499305	
29-Jul-12	130737	1343585705	
30-Jul-12	155641	1343672105	
31-Jul-12	303817	1343758505	
01-Aug-12	272383	1343844905	
02-Aug-12	269419	1343931305	
03-Aug-12	266317	1344017705	
04-Aug-12	168604	1344104105	
05-Aug-12	142755	1344190505	
06-Aug-12	178831	1344276905	
07-Aug-12	191484	1344363305	
08-Aug-12	199337	1344449705	
09-Aug-12	240172	1344536105	
10-Aug-12	215118	1344622505	
11-Aug-12	145931	1344708905	
12-Aug-12	96764	1344795305	
13-Aug-12	178247	1344881705	
14-Aug-12	242064	1344968105	
15-Aug-12	176895	1345054505	
16-Aug-12	202852	1345140905	
17-Aug-12	217006	1345227305	
18-Aug-12	270117	1345313705	
19-Aug-12	363658	1345400105	
20-Aug-12	676367	1345486505	
21-Aug-12	305514	1345572905	
22-Aug-12	364458	1345659305	
23-Aug-12	258872	1345745705	
24-Aug-12	216717	1345832105	
25-Aug-12	238920	1345918505	
26-Aug-12	185106	1346004905	
27-Aug-12	276595	1346091305	
28-Aug-12	227808	1346177705	
29-Aug-12	244092	1346264105	
30-Aug-12	228492	1346350505	
31-Aug-12	380184	1346436905	
01-Sep-12	154330	1346523305	
02-Sep-12	132180	1346609705	
03-Sep-12	172793	1346696105	
04-Sep-12	237416	1346782505	
05-Sep-12	213133	1346868905	
06-Sep-12	290474	1346955305	
07-Sep-12	192472	1347041705	
08-Sep-12	177497	1347128105	
09-Sep-12	342560	1347214505	
10-Sep-12	419036	1347300905	
11-Sep-12	301434	1347387305	
12-Sep-12	260429	1347473705	
13-Sep-12	260320	1347560105	
14-Sep-12	210766	1347646505	
15-Sep-12	231822	1347732905	
16-Sep-12	137402	1347819305	
17-Sep-12	225830	1347905705	
18-Sep-12	274038	1347992105	
19-Sep-12	227881	1348078505	
20-Sep-12	254127	1348164905	
21-Sep-12	525866	1348251305	
22-Sep-12	243920	1348337705	
23-Sep-12	126180	1348424105	
24-Sep-12	247282	1348510505	
25-Sep-12	244493	1348596905	
26-Sep-12	226978	1348683305	
27-Sep-12	235519	1348769705	
28-Sep-12	230156	1348856105	
29-Sep-12	222573	1348942505	
30-Sep-12	174828	1349028905	
01-Oct-12	188157	1349115305	
02-Oct-12	272016	1349201705	
03-Oct-12	255435	1349288105	
04-Oct-12	254160	1349374505	
05-Oct-12	246700	1349460905	
06-Oct-12	136053	1349547305	
07-Oct-12	127320	1349633705	
08-Oct-12	220547	1349720105	
09-Oct-12	204875	1349806505	
10-Oct-12	202675	1349892905	
11-Oct-12	211861	1349979305	
12-Oct-12	213519	1350065705	
13-Oct-12	143981	1350152105	
14-Oct-12	135676	1350238505	
15-Oct-12	175310	1350324905	
16-Oct-12	227635	1350411305	
17-Oct-12	221982	1350497705	
18-Oct-12	225076	1350584105	
19-Oct-12	210598	1350670505	
20-Oct-12	277982	1350756905	
21-Oct-12	173376	1350843305	
22-Oct-12	210153	1350929705	
23-Oct-12	273353	1351016105	
24-Oct-12	320031	1351102505	
25-Oct-12	321377	1351188905	
26-Oct-12	237576	1351275305	
27-Oct-12	241165	1351361705	
28-Oct-12	149397	1351448105	
29-Oct-12	155312	1351534505	
30-Oct-12	304336	1351620905	
31-Oct-12	260353	1351707305	
01-Nov-12	274305	1351793705	
02-Nov-12	235312	1351880105	
03-Nov-12	153402	1351966505	
04-Nov-12	102985	1352052905	
05-Nov-12	181095	1352139305	
06-Nov-12	201167	1352225705	
07-Nov-12	209076	1352312105	
08-Nov-12	221365	1352398505	
09-Nov-12	188746	1352484905	
10-Nov-12	116385	1352571305	
11-Nov-12	70782	1352657705	
12-Nov-12	141148	1352744105	
13-Nov-12	129324	1352830505	
14-Nov-12	138495	1352916905	
15-Nov-12	197617	1353003305	
16-Nov-12	352938	1353089705	
17-Nov-12	240583	1353176105	
18-Nov-12	186303	1353262505	
19-Nov-12	261421	1353348905	
20-Nov-12	188677	1353435305	
21-Nov-12	180768	1353521705	
22-Nov-12	190136	1353608105	
23-Nov-12	129408	1353694505	
24-Nov-12	170373	1353780905	
25-Nov-12	110521	1353867305	
26-Nov-12	176997	1353953705	
27-Nov-12	241122	1354040105	
28-Nov-12	224703	1354126505	
29-Nov-12	187947	1354212905	
30-Nov-12	179561	1354299305	
01-Dec-12	132459	1354385705	
02-Dec-12	118130	1354472105	
03-Dec-12	196437	1354558505	
04-Dec-12	218093	1354644905	
05-Dec-12	234931	1354731305	
06-Dec-12	218968	1354817705	
07-Dec-12	215837	1354904105	
08-Dec-12	167651	1354990505	
09-Dec-12	117807	1355076905	
10-Dec-12	205376	1355163305	
11-Dec-12	274581	1355249705	
12-Dec-12	241683	1355336105	
13-Dec-12	314720	1355422505	
14-Dec-12	239227	1355508905	
15-Dec-12	183553	1355595305	
16-Dec-12	105974	1355681705	
17-Dec-12	201625	1355768105	
18-Dec-12	247528	1355854505	
19-Dec-12	236506	1355940905	
20-Dec-12	165379	1356027305	
21-Dec-12	211096	1356113705	
22-Dec-12	154215	1356200105	
23-Dec-12	101679	1356286505	
24-Dec-12	156111	1356372905	
25-Dec-12	111224	1356459305	
26-Dec-12	122188	1356545705	
27-Dec-12	155968	1356632105	
28-Dec-12	174286	1356718505	
29-Dec-12	163629	1356804905	
30-Dec-12	113736	1356891305	
31-Dec-12	182154	1356977705	
01-Jan-13	118194	1357064105	
02-Jan-13	238889	1357150505	
03-Jan-13	157983	1357236905	
04-Jan-13	215147	1357323305	
05-Jan-13	196090	1357409705	
06-Jan-13	142274	1357496105	
07-Jan-13	167068	1357582505	
08-Jan-13	237429	1357668905	
09-Jan-13	259742	1357755305	
10-Jan-13	228363	1357841705	
11-Jan-13	212329	1357928105	
12-Jan-13	172922	1358014505	
13-Jan-13	167326	1358100905	
14-Jan-13	179174	1358187305	
15-Jan-13	237189	1358273705	
16-Jan-13	238408	1358360105	
17-Jan-13	274678	1358446505	
18-Jan-13	245541	1358532905	
19-Jan-13	169201	1358619305	
20-Jan-13	123270	1358705705	
21-Jan-13	191391	1358792105	
22-Jan-13	263059	1358878505	
23-Jan-13	300130	1358964905	
24-Jan-13	325164	1359051305	
25-Jan-13	268574	1359137705	
26-Jan-13	245015	1359224105	
27-Jan-13	159276	1359310505	
28-Jan-13	205434	1359396905	
29-Jan-13	403578	1359483305	
30-Jan-13	295506	1359569705	
31-Jan-13	368121	1359656105	
01-Feb-13	367159	1359742505	
02-Feb-13	326140	1359828905	
03-Feb-13	179662	1359915305	
04-Feb-13	186740	1360001705	
05-Feb-13	264011	1360088105	
06-Feb-13	281897	1360174505	
07-Feb-13	269461	1360260905	
08-Feb-13	229395	1360347305	
09-Feb-13	178199	1360433705	
10-Feb-13	175248	1360520105	
11-Feb-13	182960	1360606505	
12-Feb-13	274007	1360692905	
13-Feb-13	285150	1360779305	
14-Feb-13	260521	1360865705	
15-Feb-13	344516	1360952105	
16-Feb-13	175741	1361038505	
17-Feb-13	236938	1361124905	
18-Feb-13	242323	1361211305	
19-Feb-13	244979	1361297705	
20-Feb-13	291624	1361384105	
21-Feb-13	253357	1361470505	
22-Feb-13	258377	1361556905	
23-Feb-13	234715	1361643305	
24-Feb-13	281189	1361729705	
25-Feb-13	309020	1361816105	
26-Feb-13	272969	1361902505	
27-Feb-13	221616	1361988905	
28-Feb-13	299573	1362075305	
01-Mar-13	316865	1362161705	
02-Mar-13	254579	1362248105	
03-Mar-13	114781	1362334505	
04-Mar-13	193640	1362420905	
05-Mar-13	289133	1362507305	
06-Mar-13	347389	1362593705	
07-Mar-13	335040	1362680105	
08-Mar-13	237962	1362766505	
09-Mar-13	163029	1362852905	
10-Mar-13	150124	1362939305	
11-Mar-13	190220	1363025705	
12-Mar-13	239629	1363112105	
13-Mar-13	275858	1363198505	
14-Mar-13	237725	1363284905	
15-Mar-13	226189	1363371305	
16-Mar-13	160165	1363457705	
17-Mar-13	132482	1363544105	
18-Mar-13	196407	1363630505	
19-Mar-13	325117	1363716905	
20-Mar-13	291100	1363803305	
21-Mar-13	278804	1363889705	
22-Mar-13	304911	1363976105	
23-Mar-13	240709	1364062505	
24-Mar-13	181831	1364148905	
25-Mar-13	280497	1364235305	
26-Mar-13	266719	1364321705	
27-Mar-13	255956	1364408105	
28-Mar-13	295984	1364494505	
29-Mar-13	308499	1364580905	
30-Mar-13	247271	1364667305	
31-Mar-13	134108	1364753705	
01-Apr-13	184953	1364840105	
02-Apr-13	405803	1364926505	
03-Apr-13	387082	1365012905	
04-Apr-13	368186	1365099305	
05-Apr-13	243990	1365185705	
06-Apr-13	190633	1365272105	
07-Apr-13	165906	1365358505	
08-Apr-13	289594	1365444905	
09-Apr-13	342545	1365531305	
10-Apr-13	550847	1365617705	
11-Apr-13	668930	1365704105	
12-Apr-13	488571	1365790505	
13-Apr-13	291710	1365876905	
14-Apr-13	184978	1365963305	
15-Apr-13	227885	1366049705	
16-Apr-13	551347	1366136105	
17-Apr-13	319318	1366222505	
18-Apr-13	263182	1366308905	
19-Apr-13	274850	1366395305	
20-Apr-13	172944	1366481705	
21-Apr-13	152250	1366568105	
22-Apr-13	155334	1366654505	
23-Apr-13	178286	1366740905	
24-Apr-13	250438	1366827305	
25-Apr-13	258175	1366913705	
26-Apr-13	252533	1367000105	
27-Apr-13	221082	1367086505	
28-Apr-13	166226	1367172905	
29-Apr-13	291162	1367259305	
30-Apr-13	232155	1367345705	
01-May-13	265397	1367432105	
02-May-13	314467	1367518505	
03-May-13	372936	1367604905	
04-May-13	170898	1367691305	
05-May-13	187214	1367777705	
06-May-13	270750	1367864105	
07-May-13	455952	1367950505	
08-May-13	326095	1368036905	
09-May-13	168235	1368123305	
10-May-13	199167	1368209705	
11-May-13	208585	1368296105	
12-May-13	213420	1368382505	
13-May-13	263571	1368468905	
14-May-13	198946	1368555305	
15-May-13	287540	1368641705	
16-May-13	215241	1368728105	
17-May-13	179148	1368814505	
18-May-13	215396	1368900905	
19-May-13	115292	1368987305	
20-May-13	120053	1369073705	
21-May-13	148971	1369160105	
22-May-13	138220	1369246505	
23-May-13	137576	1369332905	
24-May-13	139597	1369419305	
25-May-13	243637	1369505705	
26-May-13	69529	1369592105	
27-May-13	90814	1369678505	
28-May-13	170467	1369764905	
29-May-13	151157	1369851305	
30-May-13	152657	1369937705	
31-May-13	169807	1370024105	
01-Jun-13	95939	1370110505	
02-Jun-13	113863	1370196905	
03-Jun-13	180238	1370283305	
04-Jun-13	219563	1370369705	
05-Jun-13	168716	1370456105	
06-Jun-13	160891	1370542505	
07-Jun-13	236004	1370628905	
08-Jun-13	139006	1370715305	
09-Jun-13	230003	1370801705	
10-Jun-13	160360	1370888105	
11-Jun-13	144557	1370974505	
12-Jun-13	174425	1371060905	
13-Jun-13	133983	1371147305	
14-Jun-13	192239	1371233705	
15-Jun-13	140122	1371320105	
16-Jun-13	103445	1371406505	
17-Jun-13	119282	1371492905	
18-Jun-13	145327	1371579305	
19-Jun-13	139177	1371665705	
20-Jun-13	148692	1371752105	
21-Jun-13	183150	1371838505	
22-Jun-13	106742	1371924905	
23-Jun-13	103164	1372011305	
24-Jun-13	156809	1372097705	
25-Jun-13	145328	1372184105	
26-Jun-13	157625	1372270505	
27-Jun-13	139122	1372356905	
28-Jun-13	170203	1372443305	
29-Jun-13	135258	1372529705	
30-Jun-13	104101	1372616105	
01-Jul-13	213572	1372702505	
02-Jul-13	259765	1372788905	
03-Jul-13	265226	1372875305	
04-Jul-13	325848	1372961705	
05-Jul-13	341564	1373048105	
06-Jul-13	251121	1373134505	
07-Jul-13	168843	1373220905	
08-Jul-13	189543	1373307305	
09-Jul-13	317919	1373393705	
10-Jul-13	324529	1373480105	
11-Jul-13	204001	1373566505	
12-Jul-13	329323	1373652905	
13-Jul-13	286972	1373739305	
14-Jul-13	170728	1373825705	
15-Jul-13	150769	1373912105	
16-Jul-13	224314	1373998505	
17-Jul-13	365413	1374084905	
18-Jul-13	330487	1374171305	
19-Jul-13	284835	1374257705	
20-Jul-13	134513	1374344105	
21-Jul-13	129945	1374430505	
22-Jul-13	225427	1374516905	
23-Jul-13	308763	1374603305	
24-Jul-13	236063	1374689705	
25-Jul-13	182581	1374776105	
26-Jul-13	203643	1374862505	
27-Jul-13	145742	1374948905	
28-Jul-13	103149	1375035305	
29-Jul-13	179861	1375121705	
30-Jul-13	171115	1375208105	
31-Jul-13	266412	1375294505	
01-Aug-13	238051	1375380905	
02-Aug-13	163294	1375467305	
03-Aug-13	210492	1375553705	
04-Aug-13	93830	1375640105	
05-Aug-13	155819	1375726505	
06-Aug-13	162196	1375812905	
07-Aug-13	147510	1375899305	
08-Aug-13	148904	1375985705	
09-Aug-13	137914	1376072105	
10-Aug-13	111037	1376158505	
11-Aug-13	117769	1376244905	
12-Aug-13	221673	1376331305	
13-Aug-13	259010	1376417705	
14-Aug-13	188717	1376504105	
15-Aug-13	190244	1376590505	
16-Aug-13	160380	1376676905	
17-Aug-13	110867	1376763305	
18-Aug-13	99527	1376849705	
19-Aug-13	181610	1376936105	
20-Aug-13	208189	1377022505	
21-Aug-13	195696	1377108905	
22-Aug-13	174912	1377195305	
23-Aug-13	171005	1377281705	
24-Aug-13	113599	1377368105	
25-Aug-13	107052	1377454505	
26-Aug-13	140954	1377540905	
27-Aug-13	193919	1377627305	
28-Aug-13	197898	1377713705	
29-Aug-13	224747	1377800105	
30-Aug-13	159447	1377886505	
31-Aug-13	162165	1377972905	
01-Sep-13	147474	1378059305	
02-Sep-13	138283	1378145705	
03-Sep-13	161440	1378232105	
04-Sep-13	194948	1378318505	
05-Sep-13	204832	1378404905	
06-Sep-13	131448	1378491305	
07-Sep-13	114950	1378577705	
08-Sep-13	80795	1378664105	
09-Sep-13	126248	1378750505	
10-Sep-13	149332	1378836905	
11-Sep-13	140855	1378923305	
12-Sep-13	148555	1379009705	
13-Sep-13	136310	1379096105	
14-Sep-13	107619	1379182505	
15-Sep-13	78935	1379268905	
16-Sep-13	125440	1379355305	
17-Sep-13	137920	1379441705	
18-Sep-13	161163	1379528105	
19-Sep-13	219847	1379614505	
20-Sep-13	149572	1379700905	
21-Sep-13	110774	1379787305	
22-Sep-13	118843	1379873705	
23-Sep-13	161317	1379960105	
24-Sep-13	215108	1380046505	
25-Sep-13	179548	1380132905	
26-Sep-13	160740	1380219305	
27-Sep-13	163774	1380305705	
28-Sep-13	135783	1380392105	
29-Sep-13	145305	1380478505	
30-Sep-13	141959	1380564905	
01-Oct-13	223311	1380651305	
02-Oct-13	289498	1380737705	
03-Oct-13	336325	1380824105	
04-Oct-13	155171	1380910505	
05-Oct-13	98794	1380996905	
06-Oct-13	94625	1381083305	
07-Oct-13	179184	1381169705	
08-Oct-13	132836	1381256105	
09-Oct-13	179252	1381342505	
10-Oct-13	158088	1381428905	
11-Oct-13	157854	1381515305	
12-Oct-13	133286	1381601705	
13-Oct-13	101457	1381688105	
14-Oct-13	174393	1381774505	
15-Oct-13	180843	1381860905	
16-Oct-13	206391	1381947305	
17-Oct-13	178651	1382033705	
18-Oct-13	155194	1382120105	
19-Oct-13	197109	1382206505	
20-Oct-13	122340	1382292905	
21-Oct-13	174957	1382379305	
22-Oct-13	342377	1382465705	
23-Oct-13	242239	1382552105	
24-Oct-13	250788	1382638505	
25-Oct-13	342303	1382724905	
26-Oct-13	202792	1382811305	
27-Oct-13	107717	1382897705	
28-Oct-13	117402	1382984105	
29-Oct-13	279413	1383070505	
30-Oct-13	166703	1383156905	
31-Oct-13	148878	1383243305	
01-Nov-13	150491	1383329705	
02-Nov-13	123969	1383416105	
03-Nov-13	110666	1383502505	
04-Nov-13	196469	1383588905	
05-Nov-13	354723	1383675305	
06-Nov-13	256762	1383761705	
07-Nov-13	286822	1383848105	
08-Nov-13	324225	1383934505	
09-Nov-13	292969	1384020905	
10-Nov-13	225470	1384107305	
11-Nov-13	178429	1384193705	
12-Nov-13	227517	1384280105	
13-Nov-13	222266	1384366505	
14-Nov-13	278926	1384452905	
15-Nov-13	228542	1384539305	
16-Nov-13	222961	1384625705	
17-Nov-13	171805	1384712105	
18-Nov-13	314075	1384798505	
19-Nov-13	422813	1384884905	
20-Nov-13	319297	1384971305	
21-Nov-13	286131	1385057705	
22-Nov-13	656581	1385144105	
23-Nov-13	194482	1385230505	
24-Nov-13	226601	1385316905	
25-Nov-13	172074	1385403305	
26-Nov-13	284191	1385489705	
27-Nov-13	330571	1385576105	
28-Nov-13	340920	1385662505	
29-Nov-13	354606	1385748905	
30-Nov-13	231971	1385835305	
01-Dec-13	187688	1385921705	
02-Dec-13	211339	1386008105	
03-Dec-13	167336	1386094505	
04-Dec-13	171004	1386180905	
05-Dec-13	257229	1386267305	
06-Dec-13	310970	1386353705	
07-Dec-13	295484	1386440105	
08-Dec-13	191848	1386526505	
09-Dec-13	134360	1386612905	
10-Dec-13	171943	1386699305	
11-Dec-13	241263	1386785705	
12-Dec-13	109029	1386872105	
13-Dec-13	114589	1386958505	
14-Dec-13	114780	1387044905	
15-Dec-13	111668	1387131305	
16-Dec-13	168729	1387217705	
17-Dec-13	250861	1387304105	
18-Dec-13	342950	1387390505	
19-Dec-13	241541	1387476905	
20-Dec-13	200951	1387563305	
21-Dec-13	303670	1387649705	
22-Dec-13	154155	1387736105	
23-Dec-13	133032	1387822505	
24-Dec-13	128526	1387908905	
25-Dec-13	291199	1387995305	
26-Dec-13	91341	1388081705	
27-Dec-13	115259	1388168105	
28-Dec-13	83322	1388254505	
29-Dec-13	62226	1388340905	
30-Dec-13	120346	1388427305	
31-Dec-13	95981	1388513705	
01-Jan-14	75623	1388600105	
02-Jan-14	98662	1388686505	
03-Jan-14	185987	1388772905	
04-Jan-14	139408	1388859305	
05-Jan-14	149306	1388945705	
06-Jan-14	173887	1389032105	
07-Jan-14	116437	1389118505	
08-Jan-14	137896	1389204905	
09-Jan-14	80418	1389291305	
10-Jan-14	78289	1389377705	
11-Jan-14	96570	1389464105	
12-Jan-14	78302	1389550505	
13-Jan-14	90764	1389636905	
14-Jan-14	101284	1389723305	
15-Jan-14	130720	1389809705	
16-Jan-14	100075	1389896105	
17-Jan-14	87372	1389982505	
18-Jan-14	57769	1390068905	
19-Jan-14	60637	1390155305	
20-Jan-14	91239	1390241705	
21-Jan-14	137918	1390328105	
22-Jan-14	84782	1390414505	
23-Jan-14	90158	1390500905	
24-Jan-14	130889	1390587305	
25-Jan-14	79323	1390673705	
26-Jan-14	64447	1390760105	
27-Jan-14	115128	1390846505	
28-Jan-14	136676	1390932905	
29-Jan-14	68971	1391019305	
30-Jan-14	91647	1391105705	
31-Jan-14	65104	1391192105	
01-Feb-14	70982	1391278505	
02-Feb-14	57119	1391364905	
03-Feb-14	58470	1391451305	
04-Feb-14	104042	1391537705	
05-Feb-14	139559	1391624105	
06-Feb-14	211531	1391710505	
07-Feb-14	149230	1391796905	
08-Feb-14	74123	1391883305	
09-Feb-14	84848	1391969705	
10-Feb-14	120714	1392056105	
11-Feb-14	137573	1392142505	
12-Feb-14	100662	1392228905	
13-Feb-14	80853	1392315305	
14-Feb-14	143739	1392401705	
15-Feb-14	73784	1392488105	
16-Feb-14	98731	1392574505	
17-Feb-14	100585	1392660905	
18-Feb-14	117629	1392747305	
19-Feb-14	86020	1392833705	
20-Feb-14	98806	1392920105	
21-Feb-14	110627	1393006505	
22-Feb-14	81003	1393092905	
23-Feb-14	80628	1393179305	
24-Feb-14	166367	1393265705	
25-Feb-14	265781	1393352105	
26-Feb-14	133335	1393438505	
27-Feb-14	148639	1393524905	
28-Feb-14	124315	1393611305	
01-Mar-14	85940	1393697705	
02-Mar-14	70872	1393784105	
03-Mar-14	134999	1393870505	
04-Mar-14	192716	1393956905	
05-Mar-14	127054	1394043305	
06-Mar-14	123182	1394129705	
07-Mar-14	931548	1394216105	
08-Mar-14	464854	1394302505	
09-Mar-14	153089	1394388905	
10-Mar-14	539181	1394475305	
11-Mar-14	335694	1394561705	
12-Mar-14	298993	1394648105	
13-Mar-14	361804	1394734505	
14-Mar-14	221202	1394820905	
15-Mar-14	186022	1394907305	
16-Mar-14	58714	1394993705	
17-Mar-14	76397	1395080105	
18-Mar-14	88422	1395166505	
19-Mar-14	120090	1395252905	
20-Mar-14	138891	1395339305	
21-Mar-14	100239	1395425705	
22-Mar-14	74819	1395512105	
23-Mar-14	39199	1395598505	
24-Mar-14	80468	1395684905	
25-Mar-14	89421	1395771305	
26-Mar-14	80189	1395857705	
27-Mar-14	160735	1395944105	
28-Mar-14	170629	1396030505	
29-Mar-14	73750	1396116905	
30-Mar-14	96345	1396203305	
31-Mar-14	121990	1396289705	
01-Apr-14	123138	1396376105	
02-Apr-14	119980	1396462505	
03-Apr-14	151898	1396548905	
04-Apr-14	130438	1396635305	
05-Apr-14	116985	1396721705	
06-Apr-14	74717	1396808105	
07-Apr-14	82134	1396894505	
08-Apr-14	107819	1396980905	
09-Apr-14	88481	1397067305	
10-Apr-14	223282	1397153705	
11-Apr-14	202939	1397240105	
12-Apr-14	67790	1397326505	
13-Apr-14	51603	1397412905	
14-Apr-14	102841	1397499305	
15-Apr-14	123184	1397585705	
16-Apr-14	168467	1397672105	
17-Apr-14	133415	1397758505	
18-Apr-14	73575	1397844905	
19-Apr-14	56344	1397931305	
20-Apr-14	46942	1398017705	
21-Apr-14	137488	1398104105	
22-Apr-14	83726	1398190505	
23-Apr-14	118704	1398276905	
24-Apr-14	75497	1398363305	
25-Apr-14	124699	1398449705	
26-Apr-14	79202	1398536105	
27-Apr-14	61661	1398622505	
28-Apr-14	104575	1398708905	
29-Apr-14	96387	1398795305	
30-Apr-14	98226	1398881705	
01-May-14	75492	1398968105	
02-May-14	68872	1399054505	
03-May-14	71025	1399140905	
04-May-14	51731	1399227305	
05-May-14	63124	1399313705	
06-May-14	73762	1399400105	
07-May-14	107866	1399486505	
08-May-14	80784	1399572905	
09-May-14	80315	1399659305	
10-May-14	57674	1399745705	
11-May-14	48972	1399832105	
12-May-14	68430	1399918505	
13-May-14	83942	1400004905	
14-May-14	108047	1400091305	
15-May-14	102236	1400177705	
16-May-14	76781	1400264105	
17-May-14	44004	1400350505	
18-May-14	49953	1400436905	
19-May-14	70443	1400523305	
20-May-14	123478	1400609705	
21-May-14	106597	1400696105	
22-May-14	105031	1400782505	
23-May-14	123218	1400868905	
24-May-14	343643	1400955305	
25-May-14	109973	1401041705	
26-May-14	112124	1401128105	
27-May-14	116143	1401214505	
28-May-14	142571	1401300905	
29-May-14	79932	1401387305	
30-May-14	106677	1401473705	
31-May-14	88724	1401560105	
01-Jun-14	97445	1401646505	
02-Jun-14	87513	1401732905	
03-Jun-14	124768	1401819305	
04-Jun-14	102635	1401905705	
05-Jun-14	96736	1401992105	
06-Jun-14	102011	1402078505	
07-Jun-14	61227	1402164905	
08-Jun-14	46036	1402251305	
09-Jun-14	53422	1402337705	
10-Jun-14	172653	1402424105	
11-Jun-14	147050	1402510505	
12-Jun-14	146414	1402596905	
13-Jun-14	303283	1402683305	
14-Jun-14	69826	1402769705	
15-Jun-14	56701	1402856105	
16-Jun-14	83548	1402942505	
17-Jun-14	70636	1403028905	
18-Jun-14	84951	1403115305	
19-Jun-14	79551	1403201705	
20-Jun-14	69300	1403288105	
21-Jun-14	57721	1403374505	
22-Jun-14	49948	1403460905	
23-Jun-14	82116	1403547305	
24-Jun-14	222986	1403633705	
25-Jun-14	105601	1403720105	
26-Jun-14	112624	1403806505	
27-Jun-14	68777	1403892905	
28-Jun-14	64313	1403979305	
29-Jun-14	48428	1404065705	
30-Jun-14	86128	1404152105	
01-Jul-14	137371	1404238505	
02-Jul-14	107612	1404324905	
03-Jul-14	87309	1404411305	
04-Jul-14	82713	1404497705	
05-Jul-14	47631	1404584105	
06-Jul-14	44509	1404670505	
07-Jul-14	62176	1404756905	
08-Jul-14	92941	1404843305	
09-Jul-14	89343	1404929705	
10-Jul-14	74534	1405016105	
11-Jul-14	72223	1405102505	
12-Jul-14	53650	1405188905	
13-Jul-14	60381	1405275305	
14-Jul-14	63863	1405361705	
15-Jul-14	67184	1405448105	
16-Jul-14	107334	1405534505	
17-Jul-14	71397	1405620905	
18-Jul-14	80489	1405707305	
19-Jul-14	73964	1405793705	
20-Jul-14	42215	1405880105	
21-Jul-14	81228	1405966505	
22-Jul-14	106760	1406052905	
23-Jul-14	73827	1406139305	
24-Jul-14	104673	1406225705	
25-Jul-14	78742	1406312105	
26-Jul-14	50159	1406398505	
27-Jul-14	52915	1406484905	
28-Jul-14	76679	1406571305	
29-Jul-14	76524	1406657705	
30-Jul-14	76568	1406744105	
31-Jul-14	84153	1406830505	
01-Aug-14	166173	1406916905	
02-Aug-14	73232	1407003305	
03-Aug-14	49181	1407089705	
04-Aug-14	104633	1407176105	
05-Aug-14	136298	1407262505	
06-Aug-14	116845	1407348905	
07-Aug-14	100723	1407435305	
08-Aug-14	77090	1407521705	
09-Aug-14	92209	1407608105	
10-Aug-14	55549	1407694505	
11-Aug-14	74547	1407780905	
12-Aug-14	107325	1407867305	
13-Aug-14	124229	1407953705	
14-Aug-14	137780	1408040105	
15-Aug-14	137490	1408126505	
16-Aug-14	108641	1408212905	
17-Aug-14	82438	1408299305	
18-Aug-14	158259	1408385705	
19-Aug-14	120733	1408472105	
20-Aug-14	102376	1408558505	
21-Aug-14	112719	1408644905	
22-Aug-14	146538	1408731305	
23-Aug-14	71634	1408817705	
24-Aug-14	59015	1408904105	
25-Aug-14	111965	1408990505	
26-Aug-14	95228	1409076905	
27-Aug-14	115599	1409163305	
28-Aug-14	129559	1409249705	
29-Aug-14	73295	1409336105	
30-Aug-14	129923	1409422505	
31-Aug-14	69007	1409508905	
01-Sep-14	87301	1409595305	
02-Sep-14	118291	1409681705	
03-Sep-14	98304	1409768105	
04-Sep-14	88537	1409854505	
05-Sep-14	90037	1409940905	
06-Sep-14	96949	1410027305	
07-Sep-14	63545	1410113705	
08-Sep-14	106118	1410200105	
09-Sep-14	111317	1410286505	
10-Sep-14	123307	1410372905	
11-Sep-14	102429	1410459305	
12-Sep-14	95206	1410545705	
13-Sep-14	69354	1410632105	
14-Sep-14	69409	1410718505	
15-Sep-14	99823	1410804905	
16-Sep-14	93845	1410891305	
17-Sep-14	113791	1410977705	
18-Sep-14	150250	1411064105	
19-Sep-14	194315	1411150505	
20-Sep-14	142835	1411236905	
21-Sep-14	121411	1411323305	
22-Sep-14	85247	1411409705	
23-Sep-14	104349	1411496105	
24-Sep-14	131058	1411582505	
25-Sep-14	110876	1411668905	
26-Sep-14	116421	1411755305	
27-Sep-14	86098	1411841705	
28-Sep-14	92933	1411928105	
29-Sep-14	162977	1412014505	
30-Sep-14	135133	1412100905	
01-Oct-14	146888	1412187305	
02-Oct-14	118810	1412273705	
03-Oct-14	123942	1412360105	
04-Oct-14	177720	1412446505	
05-Oct-14	225866	1412532905	
06-Oct-14	250615	1412619305	
07-Oct-14	158394	1412705705	
08-Oct-14	183317	1412792105	
09-Oct-14	223466	1412878505	
10-Oct-14	184559	1412964905	
11-Oct-14	172883	1413051305	
12-Oct-14	102215	1413137705	
13-Oct-14	162028	1413224105	
14-Oct-14	208459	1413310505	
15-Oct-14	152609	1413396905	
16-Oct-14	129477	1413483305	
17-Oct-14	142251	1413569705	
18-Oct-14	111737	1413656105	
19-Oct-14	83629	1413742505	
20-Oct-14	122273	1413828905	
21-Oct-14	105175	1413915305	
22-Oct-14	191858	1414001705	
23-Oct-14	138339	1414088105	
24-Oct-14	160355	1414174505	
25-Oct-14	125611	1414260905	
26-Oct-14	91191	1414347305	
27-Oct-14	118423	1414433705	
28-Oct-14	116684	1414520105	
29-Oct-14	141379	1414606505	
30-Oct-14	138348	1414692905	
31-Oct-14	140401	1414779305	
01-Nov-14	112295	1414865705	
02-Nov-14	93693	1414952105	
03-Nov-14	126165	1415038505	
04-Nov-14	146020	1415124905	
05-Nov-14	228125	1415211305	
06-Nov-14	147891	1415297705	
07-Nov-14	181003	1415384105	
08-Nov-14	100556	1415470505	
09-Nov-14	100598	1415556905	
10-Nov-14	167158	1415643305	
11-Nov-14	154662	1415729705	
12-Nov-14	210237	1415816105	
13-Nov-14	297937	1415902505	
14-Nov-14	307229	1415988905	
15-Nov-14	164849	1416075305	
16-Nov-14	123129	1416161705	
17-Nov-14	176770	1416248105	
18-Nov-14	230771	1416334505	
19-Nov-14	143192	1416420905	
20-Nov-14	169104	1416507305	
21-Nov-14	161082	1416593705	
22-Nov-14	116222	1416680105	
23-Nov-14	84124	1416766505	
24-Nov-14	131142	1416852905	
25-Nov-14	203574	1416939305	
26-Nov-14	169507	1417025705	
27-Nov-14	130229	1417112105	
28-Nov-14	406621	1417198505	
29-Nov-14	197488	1417284905	
30-Nov-14	104185	1417371305	
01-Dec-14	158902	1417457705	
02-Dec-14	375957	1417544105	
03-Dec-14	208752	1417630505	
04-Dec-14	191625	1417716905	
05-Dec-14	266232	1417803305	
06-Dec-14	198404	1417889705	
07-Dec-14	109895	1417976105	
08-Dec-14	186220	1418062505	
09-Dec-14	322835	1418148905	
10-Dec-14	175052	1418235305	
11-Dec-14	179864	1418321705	
12-Dec-14	137975	1418408105	
13-Dec-14	139430	1418494505	
14-Dec-14	81157	1418580905	
15-Dec-14	141464	1418667305	
16-Dec-14	186868	1418753705	
17-Dec-14	222483	1418840105	
18-Dec-14	270199	1418926505	
19-Dec-14	188186	1419012905	
20-Dec-14	149712	1419099305	
21-Dec-14	110282	1419185705	
22-Dec-14	187863	1419272105	
23-Dec-14	190434	1419358505	
24-Dec-14	215851	1419444905	
25-Dec-14	117064	1419531305	
26-Dec-14	95988	1419617705	
27-Dec-14	135816	1419704105	
28-Dec-14	95383	1419790505	
29-Dec-14	131995	1419876905	
30-Dec-14	160419	1419963305	
31-Dec-14	169054	1420049705	
01-Jan-15	79280	1420136105	
02-Jan-15	89563	1420222505	
03-Jan-15	180541	1420308905	
04-Jan-15	303038	1420395305	
05-Jan-15	226278	1420481705	
06-Jan-15	204019	1420568105	
07-Jan-15	256344	1420654505	
08-Jan-15	186115	1420740905	
09-Jan-15	282056	1420827305	
10-Jan-15	248535	1420913705	
11-Jan-15	146039	1421000105	
12-Jan-15	189623	1421086505	
13-Jan-15	338820	1421172905	
14-Jan-15	449467	1421259305	
15-Jan-15	364696	1421345705	
16-Jan-15	272897	1421432105	
17-Jan-15	190046	1421518505	
18-Jan-15	152268	1421604905	
19-Jan-15	153098	1421691305	
20-Jan-15	185416	1421777705	
21-Jan-15	414214	1421864105	
22-Jan-15	258905	1421950505	
23-Jan-15	187786	1422036905	
24-Jan-15	194786	1422123305	
25-Jan-15	141759	1422209705	
26-Jan-15	355411	1422296105	
27-Jan-15	244198	1422382505	
28-Jan-15	168017	1422468905	
29-Jan-15	234709	1422555305	
30-Jan-15	192885	1422641705	
31-Jan-15	160196	1422728105	
01-Feb-15	161503	1422814505	
02-Feb-15	151821	1422900905	
03-Feb-15	213538	1422987305	
04-Feb-15	199849	1423073705	
05-Feb-15	207174	1423160105	
06-Feb-15	193207	1423246505	
07-Feb-15	163982	1423332905	
08-Feb-15	150118	1423419305	
09-Feb-15	179857	1423505705	
10-Feb-15	199469	1423592105	
11-Feb-15	194895	1423678505	
12-Feb-15	151161	1423764905	
13-Feb-15	236945	1423851305	
14-Feb-15	185324	1423937705	
15-Feb-15	168554	1424024105	
16-Feb-15	174308	1424110505	
17-Feb-15	151297	1424196905	
18-Feb-15	175336	1424283305	
19-Feb-15	177651	1424369705	
20-Feb-15	157591	1424456105	
21-Feb-15	157725	1424542505	
22-Feb-15	106163	1424628905	
23-Feb-15	136609	1424715305	
24-Feb-15	159426	1424801705	
25-Feb-15	180120	1424888105	
26-Feb-15	153033	1424974505	
27-Feb-15	219422	1425060905	
28-Feb-15	126307	1425147305	
01-Mar-15	110497	1425233705	
02-Mar-15	193317	1425320105	
03-Mar-15	236688	1425406505	
04-Mar-15	237573	1425492905	
05-Mar-15	211870	1425579305	
06-Mar-15	216770	1425665705	
07-Mar-15	204008	1425752105	
08-Mar-15	350390	1425838505	
09-Mar-15	167043	1425924905	
10-Mar-15	297083	1426011305	
11-Mar-15	245124	1426097705	
12-Mar-15	203267	1426184105	
13-Mar-15	191896	1426270505	
14-Mar-15	150728	1426356905	
15-Mar-15	88434	1426443305	
16-Mar-15	128540	1426529705	
17-Mar-15	165657	1426616105	
18-Mar-15	226782	1426702505	
19-Mar-15	231736	1426788905	
20-Mar-15	180944	1426875305	
21-Mar-15	136085	1426961705	
22-Mar-15	96073	1427048105	
23-Mar-15	175471	1427134505	
24-Mar-15	219823	1427220905	
25-Mar-15	225910	1427307305	
26-Mar-15	188637	1427393705	
27-Mar-15	227414	1427480105	
28-Mar-15	134157	1427566505	
29-Mar-15	127439	1427652905	
30-Mar-15	172399	1427739305	
31-Mar-15	174210	1427825705	
01-Apr-15	179274	1427912105	
02-Apr-15	212109	1427998505	
03-Apr-15	157884	1428084905	
04-Apr-15	112224	1428171305	
05-Apr-15	85808	1428257705	
06-Apr-15	111204	1428344105	
07-Apr-15	198958	1428430505	
08-Apr-15	208799	1428516905	
09-Apr-15	207863	1428603305	
10-Apr-15	176503	1428689705	
11-Apr-15	182352	1428776105	
12-Apr-15	113515	1428862505	
13-Apr-15	159519	1428948905	
14-Apr-15	260797	1429035305	
15-Apr-15	191451	1429121705	
16-Apr-15	179967	1429208105	
17-Apr-15	182134	1429294505	
18-Apr-15	165284	1429380905	
19-Apr-15	113757	1429467305	
20-Apr-15	184164	1429553705	
21-Apr-15	173284	1429640105	
22-Apr-15	208669	1429726505	
23-Apr-15	170771	1429812905	
24-Apr-15	183886	1429899305	
25-Apr-15	143563	1429985705	
26-Apr-15	162355	1430072105	
27-Apr-15	227171	1430158505	
28-Apr-15	218353	1430244905	
29-Apr-15	187040	1430331305	
30-Apr-15	196388	1430417705	
01-May-15	185548	1430504105	
02-May-15	138144	1430590505	
03-May-15	144890	1430676905	
04-May-15	162530	1430763305	
05-May-15	169224	1430849705	
06-May-15	182769	1430936105	
07-May-15	202393	1431022505	
08-May-15	196211	1431108905	
09-May-15	160352	1431195305	
10-May-15	120762	1431281705	
11-May-15	176602	1431368105	
12-May-15	206427	1431454505	
13-May-15	189880	1431540905	
14-May-15	186504	1431627305	
15-May-15	181310	1431713705	
16-May-15	116394	1431800105	
17-May-15	104689	1431886505	
18-May-15	156159	1431972905	
19-May-15	205369	1432059305	
20-May-15	191310	1432145705	
21-May-15	179991	1432232105	
22-May-15	220389	1432318505	
23-May-15	190033	1432404905	
24-May-15	105443	1432491305	
25-May-15	154114	1432577705	
26-May-15	173736	1432664105	
27-May-15	205260	1432750505	
28-May-15	192633	1432836905	
29-May-15	214634	1432923305	
30-May-15	183472	1433009705	
31-May-15	151507	1433096105	
01-Jun-15	243081	1433182505	
02-Jun-15	260569	1433268905	
03-Jun-15	226890	1433355305	
04-Jun-15	207085	1433441705	
05-Jun-15	228001	1433528105	
06-Jun-15	164006	1433614505	
07-Jun-15	150020	1433700905	
08-Jun-15	205544	1433787305	
09-Jun-15	230394	1433873705	
10-Jun-15	226873	1433960105	
11-Jun-15	248971	1434046505	
12-Jun-15	217735	1434132905	
13-Jun-15	179169	1434219305	
14-Jun-15	175007	1434305705	
15-Jun-15	204834	1434392105	
16-Jun-15	336390	1434478505	
17-Jun-15	348782	1434564905	
18-Jun-15	302041	1434651305	
19-Jun-15	422526	1434737705	
20-Jun-15	222078	1434824105	
21-Jun-15	124644	1434910505	
22-Jun-15	181132	1434996905	
23-Jun-15	223786	1435083305	
24-Jun-15	209771	1435169705	
25-Jun-15	198842	1435256105	
26-Jun-15	238961	1435342505	
27-Jun-15	176240	1435428905	
28-Jun-15	144758	1435515305	
29-Jun-15	228764	1435601705	
30-Jun-15	324844	1435688105	
01-Jul-15	239136	1435774505	
02-Jul-15	255701	1435860905	
03-Jul-15	243723	1435947305	
04-Jul-15	169951	1436033705	
05-Jul-15	219976	1436120105	
06-Jul-15	347366	1436206505	
07-Jul-15	317056	1436292905	
08-Jul-15	256731	1436379305	
09-Jul-15	241286	1436465705	
10-Jul-15	368117	1436552105	
11-Jul-15	228868	1436638505	
12-Jul-15	265806	1436724905	
13-Jul-15	232056	1436811305	
14-Jul-15	225237	1436897705	
15-Jul-15	211727	1436984105	
16-Jul-15	264206	1437070505	
17-Jul-15	215038	1437156905	
18-Jul-15	178046	1437243305	
19-Jul-15	117116	1437329705	
20-Jul-15	181888	1437416105	
21-Jul-15	209549	1437502505	
22-Jul-15	185458	1437588905	
23-Jul-15	204241	1437675305	
24-Jul-15	231446	1437761705	
25-Jul-15	194140	1437848105	
26-Jul-15	123793	1437934505	
27-Jul-15	175978	1438020905	
28-Jul-15	299639	1438107305	
29-Jul-15	200269	1438193705	
30-Jul-15	198687	1438280105	
31-Jul-15	209161	1438366505	
01-Aug-15	187600	1438452905	
02-Aug-15	169786	1438539305	
03-Aug-15	195622	1438625705	
04-Aug-15	211219	1438712105	
05-Aug-15	241301	1438798505	
06-Aug-15	192496	1438884905	
07-Aug-15	230425	1438971305	
08-Aug-15	249553	1439057705	
09-Aug-15	305442	1439144105	
10-Aug-15	354160	1439230505	
11-Aug-15	259204	1439316905	
12-Aug-15	254387	1439403305	
13-Aug-15	262784	1439489705	
14-Aug-15	266961	1439576105	
15-Aug-15	256781	1439662505	
16-Aug-15	215869	1439748905	
17-Aug-15	335882	1439835305	
18-Aug-15	356892	1439921705	
19-Aug-15	396888	1440008105	
20-Aug-15	356397	1440094505	
21-Aug-15	325432	1440180905	
22-Aug-15	266554	1440267305	
23-Aug-15	175666	1440353705	
24-Aug-15	436393	1440440105	
25-Aug-15	409938	1440526505	
26-Aug-15	377677	1440612905	
27-Aug-15	249168	1440699305	
28-Aug-15	327156	1440785705	
29-Aug-15	215504	1440872105	
30-Aug-15	176407	1440958505	
31-Aug-15	226345	1441044905	
01-Sep-15	368800	1441131305	
02-Sep-15	227160	1441217705	
03-Sep-15	256023	1441304105	
04-Sep-15	242701	1441390505	
05-Sep-15	196964	1441476905	
06-Sep-15	243742	1441563305	
07-Sep-15	220050	1441649705	
08-Sep-15	267926	1441736105	
09-Sep-15	315001	1441822505	
10-Sep-15	295909	1441908905	
11-Sep-15	258227	1441995305	
12-Sep-15	149369	1442081705	
13-Sep-15	182488	1442168105	
14-Sep-15	229617	1442254505	
15-Sep-15	252317	1442340905	
16-Sep-15	255854	1442427305	
17-Sep-15	276118	1442513705	
18-Sep-15	277360	1442600105	
19-Sep-15	270914	1442686505	
20-Sep-15	205171	1442772905	
21-Sep-15	336829	1442859305	
22-Sep-15	320307	1442945705	
23-Sep-15	278627	1443032105	
24-Sep-15	222015	1443118505	
25-Sep-15	314913	1443204905	
26-Sep-15	184226	1443291305	
27-Sep-15	153969	1443377705	
28-Sep-15	286140	1443464105	
29-Sep-15	311130	1443550505	
30-Sep-15	317057	1443636905	
01-Oct-15	279452	1443723305	
02-Oct-15	377828	1443809705	
03-Oct-15	212074	1443896105	
04-Oct-15	138385	1443982505	
05-Oct-15	228155	1444068905	
06-Oct-15	342679	1444155305	
07-Oct-15	317741	1444241705	
08-Oct-15	421180	1444328105	
09-Oct-15	301566	1444414505	
10-Oct-15	227417	1444500905	
11-Oct-15	161324	1444587305	
12-Oct-15	236578	1444673705	
13-Oct-15	291359	1444760105	
14-Oct-15	331030	1444846505	
15-Oct-15	366146	1444932905	
16-Oct-15	302282	1445019305	
17-Oct-15	350601	1445105705	
18-Oct-15	212008	1445192105	
19-Oct-15	301928	1445278505	
20-Oct-15	315188	1445364905	
21-Oct-15	312636	1445451305	
22-Oct-15	335902	1445537705	
23-Oct-15	298197	1445624105	
24-Oct-15	264396	1445710505	
25-Oct-15	313144	1445796905	
26-Oct-15	311249	1445883305	
27-Oct-15	371412	1445969705	
28-Oct-15	380826	1446056105	
29-Oct-15	480319	1446142505	
30-Oct-15	542572	1446228905	
31-Oct-15	392312	1446315305	
01-Nov-15	383229	1446401705	
02-Nov-15	461680	1446488105	
03-Nov-15	629453	1446574505	
04-Nov-15	767411	1446660905	
05-Nov-15	743830	1446747305	
06-Nov-15	555941	1446833705	
07-Nov-15	413449	1446920105	
08-Nov-15	330281	1447006505	
09-Nov-15	507869	1447092905	
10-Nov-15	442431	1447179305	
11-Nov-15	671383	1447265705	
12-Nov-15	510220	1447352105	
13-Nov-15	434122	1447438505	
14-Nov-15	418981	1447524905	
15-Nov-15	343130	1447611305	
16-Nov-15	421882	1447697705	
17-Nov-15	387851	1447784105	
18-Nov-15	444488	1447870505	
19-Nov-15	372267	1447956905	
20-Nov-15	365576	1448043305	
21-Nov-15	314122	1448129705	
22-Nov-15	233138	1448216105	
23-Nov-15	274593	1448302505	
24-Nov-15	284536	1448388905	
25-Nov-15	328198	1448475305	
26-Nov-15	450963	1448561705	
27-Nov-15	445023	1448648105	
28-Nov-15	312191	1448734505	
29-Nov-15	221480	1448820905	
30-Nov-15	401381	1448907305	
01-Dec-15	457413	1448993705	
02-Dec-15	496223	1449080105	
03-Dec-15	399510	1449166505	
04-Dec-15	348038	1449252905	
05-Dec-15	514472	1449339305	
06-Dec-15	524019	1449425705	
07-Dec-15	432522	1449512105	
08-Dec-15	428441	1449598505	
09-Dec-15	504936	1449684905	
10-Dec-15	452652	1449771305	
11-Dec-15	436728	1449857705	
12-Dec-15	425448	1449944105	
13-Dec-15	380438	1450030505	
14-Dec-15	403953	1450116905	
15-Dec-15	459606	1450203305	
16-Dec-15	432569	1450289705	
17-Dec-15	393711	1450376105	
18-Dec-15	395919	1450462505	
19-Dec-15	370213	1450548905	
20-Dec-15	316336	1450635305	
21-Dec-15	437257	1450721705	
22-Dec-15	469864	1450808105	
23-Dec-15	382912	1450894505	
24-Dec-15	415035	1450980905	
25-Dec-15	287748	1451067305	
26-Dec-15	313290	1451153705	
27-Dec-15	184029	1451240105	
28-Dec-15	249458	1451326505	
29-Dec-15	237312	1451412905	
30-Dec-15	233474	1451499305	
31-Dec-15	176226	1451585705	
01-Jan-16	129785	1451672105	
02-Jan-16	105790	1451758505	
03-Jan-16	121051	1451844905	
04-Jan-16	187554	1451931305	
05-Jan-16	209072	1452017705	
06-Jan-16	215148	1452104105	
07-Jan-16	281067	1452190505	
08-Jan-16	270905	1452276905	
09-Jan-16	156330	1452363305	
10-Jan-16	191718	1452449705	
11-Jan-16	238935	1452536105	
12-Jan-16	221764	1452622505	
13-Jan-16	250059	1452708905	
14-Jan-16	204586	1452795305	
15-Jan-16	325720	1452881705	
16-Jan-16	304279	1452968105	
17-Jan-16	180107	1453054505	
18-Jan-16	191993	1453140905	
19-Jan-16	227882	1453227305	
20-Jan-16	313982	1453313705	
21-Jan-16	331592	1453400105	
22-Jan-16	265149	1453486505	
23-Jan-16	281154	1453572905	
24-Jan-16	197719	1453659305	
25-Jan-16	464271	1453745705	
26-Jan-16	315971	1453832105	
27-Jan-16	341404	1453918505	
28-Jan-16	394562	1454004905	
29-Jan-16	389924	1454091305	
30-Jan-16	389588	1454177705	
31-Jan-16	202151	1454264105	
01-Feb-16	405273	1454350505	
02-Feb-16	387109	1454436905	
03-Feb-16	292879	1454523305	
04-Feb-16	314482	1454609705	
05-Feb-16	402893	1454696105	
06-Feb-16	324084	1454782505	
07-Feb-16	212980	1454868905	
08-Feb-16	248301	1454955305	
09-Feb-16	291366	1455041705	
10-Feb-16	342728	1455128105	
11-Feb-16	358666	1455214505	
12-Feb-16	310536	1455300905	
13-Feb-16	308067	1455387305	
14-Feb-16	260679	1455473705	
15-Feb-16	359679	1455560105	
16-Feb-16	369361	1455646505	
17-Feb-16	409578	1455732905	
18-Feb-16	359979	1455819305	
19-Feb-16	320564	1455905705	
20-Feb-16	345692	1455992105	
21-Feb-16	314704	1456078505	
22-Feb-16	324376	1456164905	
23-Feb-16	376960	1456251305	
24-Feb-16	331024	1456337705	
25-Feb-16	357288	1456424105	
26-Feb-16	336689	1456510505	
27-Feb-16	345129	1456596905	
28-Feb-16	337806	1456683305	
29-Feb-16	519281	1456769705	
01-Mar-16	516140	1456856105	
02-Mar-16	550823	1456942505	
03-Mar-16	513865	1457028905	
04-Mar-16	397632	1457115305	
05-Mar-16	499154	1457201705	
06-Mar-16	331787	1457288105	
07-Mar-16	310339	1457374505	
08-Mar-16	291089	1457460905	
09-Mar-16	277000	1457547305	
10-Mar-16	334257	1457633705	
11-Mar-16	327239	1457720105	
12-Mar-16	231193	1457806505	
13-Mar-16	171135	1457892905	
14-Mar-16	271248	1457979305	
15-Mar-16	283727	1458065705	
16-Mar-16	255638	1458152105	
17-Mar-16	275295	1458238505	
18-Mar-16	297479	1458324905	
19-Mar-16	229257	1458411305	
20-Mar-16	171928	1458497705	
21-Mar-16	233056	1458584105	
22-Mar-16	297860	1458670505	
23-Mar-16	265722	1458756905	
24-Mar-16	334719	1458843305	
25-Mar-16	317786	1458929705	
26-Mar-16	242144	1459016105	
27-Mar-16	270233	1459102505	
28-Mar-16	285855	1459188905	
29-Mar-16	283327	1459275305	
30-Mar-16	379711	1459361705	
31-Mar-16	294202	1459448105	
01-Apr-16	289159	1459534505	
02-Apr-16	231375	1459620905	
03-Apr-16	181651	1459707305	
04-Apr-16	266373	1459793705	
05-Apr-16	331653	1459880105	
06-Apr-16	359789	1459966505	
07-Apr-16	378452	1460052905	
08-Apr-16	292713	1460139305	
09-Apr-16	241503	1460225705	
10-Apr-16	199611	1460312105	
11-Apr-16	264357	1460398505	
12-Apr-16	341372	1460484905	
13-Apr-16	309995	1460571305	
14-Apr-16	274524	1460657705	
15-Apr-16	281389	1460744105	
16-Apr-16	200628	1460830505	
17-Apr-16	186607	1460916905	
18-Apr-16	245313	1461003305	
19-Apr-16	275994	1461089705	
20-Apr-16	302380	1461176105	
21-Apr-16	316159	1461262505	
22-Apr-16	291487	1461348905	
23-Apr-16	203792	1461435305	
24-Apr-16	188499	1461521705	
25-Apr-16	307790	1461608105	
26-Apr-16	344162	1461694505	
27-Apr-16	324167	1461748809	
