date	close	x
03-Jan-09	1	1231006505
04-Jan-09	0	1231092905
05-Jan-09	0	1231179305
06-Jan-09	0	1231265705
07-Jan-09	0	1231352105
08-Jan-09	0	1231438505
09-Jan-09	14	1231524905
10-Jan-09	31	1231611305
11-Jan-09	106	1231697705
12-Jan-09	95	1231784105
13-Jan-09	116	1231870505
14-Jan-09	126	1231956905
15-Jan-09	136	1232043305
16-Jan-09	117	1232129705
17-Jan-09	109	1232216105
18-Jan-09	101	1232302505
19-Jan-09	120	1232388905
20-Jan-09	118	1232475305
21-Jan-09	115	1232561705
22-Jan-09	76	1232648105
23-Jan-09	68	1232734505
24-Jan-09	201	1232820905
25-Jan-09	195	1232907305
26-Jan-09	116	1232993705
27-Jan-09	105	1233080105
28-Jan-09	103	1233166505
29-Jan-09	122	1233252905
30-Jan-09	122	1233339305
31-Jan-09	129	1233425705
01-Feb-09	118	1233512105
02-Feb-09	127	1233598505
03-Feb-09	150	1233684905
04-Feb-09	126	1233771305
05-Feb-09	121	1233857705
06-Feb-09	129	1233944105
07-Feb-09	130	1234030505
08-Feb-09	135	1234116905
09-Feb-09	129	1234203305
10-Feb-09	127	1234289705
11-Feb-09	132	1234376105
12-Feb-09	119	1234462505
13-Feb-09	124	1234548905
14-Feb-09	141	1234635305
15-Feb-09	125	1234721705
16-Feb-09	123	1234808105
17-Feb-09	119	1234894505
18-Feb-09	124	1234980905
19-Feb-09	117	1235067305
20-Feb-09	129	1235153705
21-Feb-09	110	1235240105
22-Feb-09	125	1235326505
23-Feb-09	107	1235412905
24-Feb-09	111	1235499305
25-Feb-09	107	1235585705
26-Feb-09	96	1235672105
27-Feb-09	123	1235758505
28-Feb-09	103	1235844905
01-Mar-09	107	1235931305
02-Mar-09	104	1236017705
03-Mar-09	108	1236104105
04-Mar-09	106	1236190505
05-Mar-09	108	1236276905
06-Mar-09	119	1236363305
07-Mar-09	111	1236449705
08-Mar-09	115	1236536105
09-Mar-09	113	1236622505
10-Mar-09	105	1236708905
11-Mar-09	108	1236795305
12-Mar-09	119	1236881705
13-Mar-09	115	1236968105
14-Mar-09	116	1237054505
15-Mar-09	111	1237140905
16-Mar-09	131	1237227305
17-Mar-09	115	1237313705
18-Mar-09	110	1237400105
19-Mar-09	124	1237486505
20-Mar-09	119	1237572905
21-Mar-09	77	1237659305
22-Mar-09	97	1237745705
23-Mar-09	132	1237832105
24-Mar-09	105	1237918505
25-Mar-09	116	1238004905
26-Mar-09	114	1238091305
27-Mar-09	110	1238177705
28-Mar-09	122	1238264105
29-Mar-09	112	1238350505
30-Mar-09	125	1238436905
31-Mar-09	114	1238523305
01-Apr-09	107	1238609705
02-Apr-09	120	1238696105
03-Apr-09	113	1238782505
04-Apr-09	113	1238868905
05-Apr-09	129	1238955305
06-Apr-09	117	1239041705
07-Apr-09	99	1239128105
08-Apr-09	104	1239214505
09-Apr-09	99	1239300905
10-Apr-09	103	1239387305
11-Apr-09	123	1239473705
12-Apr-09	115	1239560105
13-Apr-09	118	1239646505
14-Apr-09	127	1239732905
15-Apr-09	112	1239819305
16-Apr-09	123	1239905705
17-Apr-09	115	1239992105
18-Apr-09	125	1240078505
19-Apr-09	121	1240164905
20-Apr-09	118	1240251305
21-Apr-09	125	1240337705
22-Apr-09	121	1240424105
23-Apr-09	80	1240510505
24-Apr-09	113	1240596905
25-Apr-09	122	1240683305
26-Apr-09	111	1240769705
27-Apr-09	105	1240856105
28-Apr-09	117	1240942505
29-Apr-09	123	1241028905
30-Apr-09	133	1241115305
01-May-09	123	1241201705
02-May-09	124	1241288105
03-May-09	115	1241374505
04-May-09	125	1241460905
05-May-09	133	1241547305
06-May-09	138	1241633705
07-May-09	121	1241720105
08-May-09	122	1241806505
09-May-09	91	1241892905
10-May-09	62	1241979305
11-May-09	120	1242065705
12-May-09	127	1242152105
13-May-09	117	1242238505
14-May-09	137	1242324905
15-May-09	145	1242411305
16-May-09	115	1242497705
17-May-09	125	1242584105
18-May-09	124	1242670505
19-May-09	100	1242756905
20-May-09	104	1242843305
21-May-09	89	1242929705
22-May-09	83	1243016105
23-May-09	7	1243102505
24-May-09	96	1243188905
25-May-09	112	1243275305
26-May-09	113	1243361705
27-May-09	125	1243448105
28-May-09	103	1243534505
29-May-09	108	1243620905
30-May-09	103	1243707305
31-May-09	118	1243793705
01-Jun-09	74	1243880105
02-Jun-09	89	1243966505
03-Jun-09	98	1244052905
04-Jun-09	39	1244139305
05-Jun-09	57	1244225705
06-Jun-09	24	1244312105
07-Jun-09	4	1244398505
08-Jun-09	72	1244484905
09-Jun-09	94	1244571305
10-Jun-09	83	1244657705
11-Jun-09	93	1244744105
12-Jun-09	91	1244830505
13-Jun-09	74	1244916905
14-Jun-09	70	1245003305
15-Jun-09	82	1245089705
16-Jun-09	73	1245176105
17-Jun-09	77	1245262505
18-Jun-09	81	1245348905
19-Jun-09	87	1245435305
20-Jun-09	84	1245521705
21-Jun-09	75	1245608105
22-Jun-09	81	1245694505
23-Jun-09	76	1245780905
24-Jun-09	87	1245867305
25-Jun-09	74	1245953705
26-Jun-09	90	1246040105
27-Jun-09	85	1246126505
28-Jun-09	52	1246212905
29-Jun-09	76	1246299305
30-Jun-09	89	1246385705
01-Jul-09	84	1246472105
02-Jul-09	72	1246558505
03-Jul-09	84	1246644905
04-Jul-09	89	1246731305
05-Jul-09	80	1246817705
06-Jul-09	91	1246904105
07-Jul-09	63	1246990505
08-Jul-09	79	1247076905
09-Jul-09	81	1247163305
10-Jul-09	82	1247249705
11-Jul-09	84	1247336105
12-Jul-09	76	1247422505
13-Jul-09	76	1247508905
14-Jul-09	72	1247595305
15-Jul-09	46	1247681705
16-Jul-09	69	1247768105
17-Jul-09	65	1247854505
18-Jul-09	3	1247940905
19-Jul-09	52	1248027305
20-Jul-09	75	1248113705
21-Jul-09	75	1248200105
22-Jul-09	69	1248286505
23-Jul-09	66	1248372905
24-Jul-09	75	1248459305
25-Jul-09	53	1248545705
26-Jul-09	13	1248632105
27-Jul-09	64	1248718505
28-Jul-09	44	1248804905
29-Jul-09	32	1248891305
30-Jul-09	16	1248977705
31-Jul-09	12	1249064105
01-Aug-09	23	1249150505
02-Aug-09	30	1249236905
03-Aug-09	15	1249323305
04-Aug-09	58	1249409705
05-Aug-09	91	1249496105
06-Aug-09	96	1249582505
07-Aug-09	74	1249668905
08-Aug-09	83	1249755305
09-Aug-09	98	1249841705
10-Aug-09	82	1249928105
11-Aug-09	67	1250014505
12-Aug-09	68	1250100905
13-Aug-09	81	1250187305
14-Aug-09	65	1250273705
15-Aug-09	34	1250360105
16-Aug-09	25	1250446505
17-Aug-09	17	1250532905
18-Aug-09	9	1250619305
19-Aug-09	15	1250705705
20-Aug-09	24	1250792105
21-Aug-09	16	1250878505
22-Aug-09	8	1250964905
23-Aug-09	12	1251051305
24-Aug-09	8	1251137705
25-Aug-09	55	1251224105
26-Aug-09	42	1251310505
27-Aug-09	33	1251396905
28-Aug-09	64	1251483305
29-Aug-09	83	1251569705
30-Aug-09	91	1251656105
31-Aug-09	95	1251742505
01-Sep-09	79	1251828905
02-Sep-09	68	1251915305
03-Sep-09	61	1252001705
04-Sep-09	63	1252088105
05-Sep-09	71	1252174505
06-Sep-09	72	1252260905
07-Sep-09	79	1252347305
08-Sep-09	66	1252433705
09-Sep-09	58	1252520105
10-Sep-09	61	1252606505
11-Sep-09	68	1252692905
12-Sep-09	71	1252779305
13-Sep-09	70	1252865705
14-Sep-09	81	1252952105
15-Sep-09	56	1253038505
16-Sep-09	59	1253124905
17-Sep-09	84	1253211305
18-Sep-09	81	1253297705
19-Sep-09	71	1253384105
20-Sep-09	79	1253470505
21-Sep-09	74	1253556905
22-Sep-09	35	1253643305
23-Sep-09	28	1253729705
24-Sep-09	82	1253816105
25-Sep-09	102	1253902505
26-Sep-09	94	1253988905
27-Sep-09	90	1254075305
28-Sep-09	88	1254161705
29-Sep-09	85	1254248105
30-Sep-09	87	1254334505
01-Oct-09	85	1254420905
02-Oct-09	76	1254507305
03-Oct-09	58	1254593705
04-Oct-09	61	1254680105
05-Oct-09	58	1254766505
06-Oct-09	43	1254852905
07-Oct-09	51	1254939305
08-Oct-09	70	1255025705
09-Oct-09	78	1255112105
10-Oct-09	77	1255198505
11-Oct-09	79	1255284905
12-Oct-09	63	1255371305
13-Oct-09	51	1255457705
14-Oct-09	56	1255544105
15-Oct-09	85	1255630505
16-Oct-09	66	1255716905
17-Oct-09	55	1255803305
18-Oct-09	65	1255889705
19-Oct-09	99	1255976105
20-Oct-09	111	1256062505
21-Oct-09	84	1256148905
22-Oct-09	88	1256235305
23-Oct-09	87	1256321705
24-Oct-09	75	1256408105
25-Oct-09	74	1256494505
26-Oct-09	65	1256580905
27-Oct-09	67	1256667305
28-Oct-09	64	1256753705
29-Oct-09	51	1256840105
30-Oct-09	62	1256926505
31-Oct-09	45	1257012905
01-Nov-09	30	1257099305
02-Nov-09	33	1257185705
03-Nov-09	57	1257272105
04-Nov-09	62	1257358505
05-Nov-09	65	1257444905
06-Nov-09	49	1257531305
07-Nov-09	76	1257617705
08-Nov-09	70	1257704105
09-Nov-09	65	1257790505
10-Nov-09	71	1257876905
11-Nov-09	78	1257963305
12-Nov-09	70	1258049705
13-Nov-09	73	1258136105
14-Nov-09	83	1258222505
15-Nov-09	96	1258308905
16-Nov-09	100	1258395305
17-Nov-09	91	1258481705
18-Nov-09	79	1258568105
19-Nov-09	73	1258654505
20-Nov-09	84	1258740905
21-Nov-09	77	1258827305
22-Nov-09	100	1258913705
23-Nov-09	96	1259000105
24-Nov-09	102	1259086505
25-Nov-09	85	1259172905
26-Nov-09	78	1259259305
27-Nov-09	75	1259345705
28-Nov-09	78	1259432105
29-Nov-09	58	1259518505
30-Nov-09	74	1259604905
01-Dec-09	66	1259691305
02-Dec-09	99	1259777705
03-Dec-09	85	1259864105
04-Dec-09	49	1259950505
05-Dec-09	52	1260036905
06-Dec-09	108	1260123305
07-Dec-09	94	1260209705
08-Dec-09	121	1260296105
09-Dec-09	104	1260382505
10-Dec-09	106	1260468905
11-Dec-09	125	1260555305
12-Dec-09	103	1260641705
13-Dec-09	104	1260728105
14-Dec-09	113	1260814505
15-Dec-09	117	1260900905
16-Dec-09	121	1260987305
17-Dec-09	163	1261073705
18-Dec-09	201	1261160105
19-Dec-09	225	1261246505
20-Dec-09	175	1261332905
21-Dec-09	188	1261419305
22-Dec-09	152	1261505705
23-Dec-09	169	1261592105
24-Dec-09	144	1261678505
25-Dec-09	158	1261764905
26-Dec-09	159	1261851305
27-Dec-09	170	1261937705
28-Dec-09	138	1262024105
29-Dec-09	164	1262110505
30-Dec-09	156	1262196905
31-Dec-09	150	1262283305
01-Jan-10	119	1262369705
02-Jan-10	132	1262456105
03-Jan-10	163	1262542505
04-Jan-10	192	1262628905
05-Jan-10	208	1262715305
06-Jan-10	158	1262801705
07-Jan-10	159	1262888105
08-Jan-10	150	1262974505
09-Jan-10	148	1263060905
10-Jan-10	191	1263147305
11-Jan-10	154	1263233705
12-Jan-10	168	1263320105
13-Jan-10	160	1263406505
14-Jan-10	159	1263492905
15-Jan-10	137	1263579305
16-Jan-10	135	1263665705
17-Jan-10	124	1263752105
18-Jan-10	130	1263838505
19-Jan-10	120	1263924905
20-Jan-10	140	1264011305
21-Jan-10	187	1264097705
22-Jan-10	152	1264184105
23-Jan-10	152	1264270505
24-Jan-10	148	1264356905
25-Jan-10	207	1264443305
26-Jan-10	208	1264529705
27-Jan-10	178	1264616105
28-Jan-10	176	1264702505
29-Jan-10	195	1264788905
30-Jan-10	183	1264875305
31-Jan-10	210	1264961705
01-Feb-10	189	1265048105
02-Feb-10	142	1265134505
03-Feb-10	246	1265220905
04-Feb-10	235	1265307305
05-Feb-10	250	1265393705
06-Feb-10	204	1265480105
07-Feb-10	210	1265566505
08-Feb-10	221	1265652905
09-Feb-10	211	1265739305
10-Feb-10	166	1265825705
11-Feb-10	181	1265912105
12-Feb-10	193	1265998505
13-Feb-10	227	1266084905
14-Feb-10	215	1266171305
15-Feb-10	194	1266257705
16-Feb-10	182	1266344105
17-Feb-10	244	1266430505
18-Feb-10	235	1266516905
19-Feb-10	183	1266603305
20-Feb-10	224	1266689705
21-Feb-10	218	1266776105
22-Feb-10	261	1266862505
23-Feb-10	252	1266948905
24-Feb-10	196	1267035305
25-Feb-10	150	1267121705
26-Feb-10	176	1267208105
27-Feb-10	176	1267294505
28-Feb-10	165	1267380905
01-Mar-10	187	1267467305
02-Mar-10	204	1267553705
03-Mar-10	151	1267640105
04-Mar-10	187	1267726505
05-Mar-10	178	1267812905
06-Mar-10	188	1267899305
07-Mar-10	178	1267985705
08-Mar-10	141	1268072105
09-Mar-10	149	1268158505
10-Mar-10	152	1268244905
11-Mar-10	154	1268331305
12-Mar-10	119	1268417705
13-Mar-10	160	1268504105
14-Mar-10	127	1268590505
15-Mar-10	128	1268676905
16-Mar-10	138	1268763305
17-Mar-10	127	1268849705
18-Mar-10	161	1268936105
19-Mar-10	144	1269022505
20-Mar-10	203	1269108905
21-Mar-10	191	1269195305
22-Mar-10	186	1269281705
23-Mar-10	215	1269368105
24-Mar-10	187	1269454505
25-Mar-10	197	1269540905
26-Mar-10	213	1269627305
27-Mar-10	182	1269713705
28-Mar-10	198	1269800105
29-Mar-10	205	1269886505
30-Mar-10	217	1269972905
31-Mar-10	213	1270059305
01-Apr-10	198	1270145705
02-Apr-10	155	1270232105
03-Apr-10	171	1270318505
04-Apr-10	175	1270404905
05-Apr-10	179	1270491305
06-Apr-10	175	1270577705
07-Apr-10	207	1270664105
08-Apr-10	208	1270750505
09-Apr-10	189	1270836905
10-Apr-10	294	1270923305
11-Apr-10	271	1271009705
12-Apr-10	270	1271096105
13-Apr-10	190	1271182505
14-Apr-10	230	1271268905
15-Apr-10	287	1271355305
16-Apr-10	234	1271441705
17-Apr-10	242	1271528105
18-Apr-10	1337	1271614505
19-Apr-10	2296	1271700905
20-Apr-10	242	1271787305
21-Apr-10	251	1271873705
22-Apr-10	210	1271960105
23-Apr-10	198	1272046505
24-Apr-10	191	1272132905
25-Apr-10	210	1272219305
26-Apr-10	220	1272305705
27-Apr-10	225	1272392105
28-Apr-10	219	1272478505
29-Apr-10	197	1272564905
30-Apr-10	181	1272651305
01-May-10	187	1272737705
02-May-10	197	1272824105
03-May-10	186	1272910505
04-May-10	151	1272996905
05-May-10	191	1273083305
06-May-10	173	1273169705
07-May-10	166	1273256105
08-May-10	170	1273342505
09-May-10	193	1273428905
10-May-10	161	1273515305
11-May-10	138	1273601705
12-May-10	147	1273688105
13-May-10	164	1273774505
14-May-10	148	1273860905
15-May-10	138	1273947305
16-May-10	118	1274033705
17-May-10	173	1274120105
18-May-10	217	1274206505
19-May-10	212	1274292905
20-May-10	221	1274379305
21-May-10	230	1274465705
22-May-10	227	1274552105
23-May-10	300	1274638505
24-May-10	262	1274724905
25-May-10	267	1274811305
26-May-10	259	1274897705
27-May-10	278	1274984105
28-May-10	265	1275070505
29-May-10	262	1275156905
30-May-10	200	1275243305
31-May-10	207	1275329705
01-Jun-10	178	1275416105
02-Jun-10	182	1275502505
03-Jun-10	219	1275588905
04-Jun-10	200	1275675305
05-Jun-10	188	1275761705
06-Jun-10	201	1275848105
07-Jun-10	211	1275934505
08-Jun-10	222	1276020905
09-Jun-10	199	1276107305
10-Jun-10	224	1276193705
11-Jun-10	248	1276280105
12-Jun-10	226	1276366505
13-Jun-10	221	1276452905
14-Jun-10	246	1276539305
15-Jun-10	288	1276625705
16-Jun-10	196	1276712105
17-Jun-10	208	1276798505
18-Jun-10	184	1276884905
19-Jun-10	218	1276971305
20-Jun-10	216	1277057705
21-Jun-10	242	1277144105
22-Jun-10	235	1277230505
23-Jun-10	242	1277316905
24-Jun-10	247	1277403305
25-Jun-10	227	1277489705
26-Jun-10	205	1277576105
27-Jun-10	215	1277662505
28-Jun-10	236	1277748905
29-Jun-10	253	1277835305
30-Jun-10	283	1277921705
01-Jul-10	273	1278008105
02-Jul-10	239	1278094505
03-Jul-10	283	1278180905
04-Jul-10	245	1278267305
05-Jul-10	243	1278353705
06-Jul-10	224	1278440105
07-Jul-10	209	1278526505
08-Jul-10	240	1278612905
09-Jul-10	258	1278699305
10-Jul-10	238	1278785705
11-Jul-10	242	1278872105
12-Jul-10	1830	1278958505
13-Jul-10	1739	1279044905
14-Jul-10	5659	1279131305
15-Jul-10	1793	1279217705
16-Jul-10	1393	1279304105
17-Jul-10	462	1279390505
18-Jul-10	427	1279476905
19-Jul-10	487	1279563305
20-Jul-10	627	1279649705
21-Jul-10	465	1279736105
22-Jul-10	428	1279822505
23-Jul-10	392	1279908905
24-Jul-10	374	1279995305
25-Jul-10	2337	1280081705
26-Jul-10	468	1280168105
27-Jul-10	445	1280254505
28-Jul-10	342	1280340905
29-Jul-10	3455	1280427305
30-Jul-10	362	1280513705
31-Jul-10	295	1280600105
01-Aug-10	324	1280686505
02-Aug-10	413	1280772905
03-Aug-10	623	1280859305
04-Aug-10	375	1280945705
05-Aug-10	604	1281032105
06-Aug-10	368	1281118505
07-Aug-10	287	1281204905
08-Aug-10	323	1281291305
09-Aug-10	423	1281377705
10-Aug-10	402	1281464105
11-Aug-10	384	1281550505
12-Aug-10	407	1281636905
13-Aug-10	508	1281723305
14-Aug-10	424	1281809705
15-Aug-10	423	1281896105
16-Aug-10	318	1281982505
17-Aug-10	352	1282068905
18-Aug-10	377	1282155305
19-Aug-10	368	1282241705
20-Aug-10	398	1282328105
21-Aug-10	348	1282414505
22-Aug-10	350	1282500905
23-Aug-10	389	1282587305
24-Aug-10	337	1282673705
25-Aug-10	396	1282760105
26-Aug-10	374	1282846505
27-Aug-10	291	1282932905
28-Aug-10	348	1283019305
29-Aug-10	268	1283105705
30-Aug-10	288	1283192105
31-Aug-10	465	1283278505
01-Sep-10	408	1283364905
02-Sep-10	308	1283451305
03-Sep-10	314	1283537705
04-Sep-10	286	1283624105
05-Sep-10	303	1283710505
06-Sep-10	298	1283796905
07-Sep-10	271	1283883305
08-Sep-10	292	1283969705
09-Sep-10	343	1284056105
10-Sep-10	378	1284142505
11-Sep-10	296	1284228905
12-Sep-10	350	1284315305
13-Sep-10	436	1284401705
14-Sep-10	437	1284488105
15-Sep-10	450	1284574505
16-Sep-10	380	1284660905
17-Sep-10	379	1284747305
18-Sep-10	431	1284833705
19-Sep-10	339	1284920105
20-Sep-10	422	1285006505
21-Sep-10	636	1285092905
22-Sep-10	799	1285179305
23-Sep-10	698	1285265705
24-Sep-10	558	1285352105
25-Sep-10	451	1285438505
26-Sep-10	454	1285524905
27-Sep-10	639	1285611305
28-Sep-10	467	1285697705
29-Sep-10	998	1285784105
30-Sep-10	358	1285870505
01-Oct-10	563	1285956905
02-Oct-10	501	1286043305
03-Oct-10	401	1286129705
04-Oct-10	414	1286216105
05-Oct-10	353	1286302505
06-Oct-10	408	1286388905
07-Oct-10	370	1286475305
08-Oct-10	343	1286561705
09-Oct-10	382	1286648105
10-Oct-10	373	1286734505
11-Oct-10	348	1286820905
12-Oct-10	361	1286907305
13-Oct-10	350	1286993705
14-Oct-10	376	1287080105
15-Oct-10	333	1287166505
16-Oct-10	412	1287252905
17-Oct-10	485	1287339305
18-Oct-10	517	1287425705
19-Oct-10	964	1287512105
20-Oct-10	693	1287598505
21-Oct-10	602	1287684905
22-Oct-10	495	1287771305
23-Oct-10	623	1287857705
24-Oct-10	473	1287944105
25-Oct-10	479	1288030505
26-Oct-10	486	1288116905
27-Oct-10	569	1288203305
28-Oct-10	500	1288289705
29-Oct-10	466	1288376105
30-Oct-10	444	1288462505
31-Oct-10	311	1288548905
01-Nov-10	364	1288635305
02-Nov-10	283	1288721705
03-Nov-10	334	1288808105
04-Nov-10	339	1288894505
05-Nov-10	416	1288980905
06-Nov-10	389	1289067305
07-Nov-10	445	1289153705
08-Nov-10	498	1289240105
09-Nov-10	458	1289326505
10-Nov-10	372	1289412905
11-Nov-10	429	1289499305
12-Nov-10	296	1289585705
13-Nov-10	333	1289672105
14-Nov-10	399	1289758505
15-Nov-10	1855	1289844905
16-Nov-10	12087	1289931305
17-Nov-10	463	1290017705
18-Nov-10	434	1290104105
19-Nov-10	7731	1290190505
20-Nov-10	12322	1290276905
21-Nov-10	10378	1290363305
22-Nov-10	395	1290449705
23-Nov-10	338	1290536105
24-Nov-10	2749	1290622505
25-Nov-10	5883	1290708905
26-Nov-10	1542	1290795305
27-Nov-10	490	1290881705
28-Nov-10	457	1290968105
29-Nov-10	435	1291054505
30-Nov-10	455	1291140905
01-Dec-10	505	1291227305
02-Dec-10	472	1291313705
03-Dec-10	411	1291400105
04-Dec-10	402	1291486505
05-Dec-10	436	1291572905
06-Dec-10	447	1291659305
07-Dec-10	548	1291745705
08-Dec-10	537	1291832105
09-Dec-10	516	1291918505
10-Dec-10	382	1292004905
11-Dec-10	504	1292091305
12-Dec-10	564	1292177705
13-Dec-10	723	1292264105
14-Dec-10	683	1292350505
15-Dec-10	610	1292436905
16-Dec-10	523	1292523305
17-Dec-10	503	1292609705
18-Dec-10	466	1292696105
19-Dec-10	547	1292782505
20-Dec-10	934	1292868905
21-Dec-10	616	1292955305
22-Dec-10	634	1293041705
23-Dec-10	552	1293128105
24-Dec-10	578	1293214505
25-Dec-10	555	1293300905
26-Dec-10	650	1293387305
27-Dec-10	507	1293473705
28-Dec-10	584	1293560105
29-Dec-10	641	1293646505
30-Dec-10	542	1293732905
31-Dec-10	579	1293819305
01-Jan-11	594	1293905705
02-Jan-11	593	1293992105
03-Jan-11	853	1294078505
04-Jan-11	1242	1294164905
05-Jan-11	1192	1294251305
06-Jan-11	850	1294337705
07-Jan-11	880	1294424105
08-Jan-11	1392	1294510505
09-Jan-11	1193	1294596905
10-Jan-11	1358	1294683305
11-Jan-11	1262	1294769705
12-Jan-11	1233	1294856105
13-Jan-11	1271	1294942505
14-Jan-11	1285	1295028905
15-Jan-11	932	1295115305
16-Jan-11	1027	1295201705
17-Jan-11	816	1295288105
18-Jan-11	870	1295374505
19-Jan-11	967	1295460905
20-Jan-11	847	1295547305
21-Jan-11	1047	1295633705
22-Jan-11	1431	1295720105
23-Jan-11	1073	1295806505
24-Jan-11	1334	1295892905
25-Jan-11	965	1295979305
26-Jan-11	985	1296065705
27-Jan-11	900	1296152105
28-Jan-11	1036	1296238505
29-Jan-11	1290	1296324905
30-Jan-11	2203	1296411305
31-Jan-11	1815	1296497705
01-Feb-11	985	1296584105
02-Feb-11	1004	1296670505
03-Feb-11	777	1296756905
04-Feb-11	918	1296843305
05-Feb-11	887	1296929705
06-Feb-11	857	1297016105
07-Feb-11	911	1297102505
08-Feb-11	842	1297188905
09-Feb-11	1033	1297275305
10-Feb-11	1866	1297361705
11-Feb-11	2433	1297448105
12-Feb-11	1903	1297534505
13-Feb-11	1841	1297620905
14-Feb-11	1978	1297707305
15-Feb-11	2267	1297793705
16-Feb-11	2062	1297880105
17-Feb-11	2255	1297966505
18-Feb-11	2086	1298052905
19-Feb-11	1773	1298139305
20-Feb-11	1698	1298225705
21-Feb-11	1969	1298312105
22-Feb-11	2152	1298398505
23-Feb-11	2394	1298484905
24-Feb-11	1957	1298571305
25-Feb-11	2134	1298657705
26-Feb-11	1964	1298744105
27-Feb-11	2261	1298830505
28-Feb-11	1932	1298916905
01-Mar-11	1660	1299003305
02-Mar-11	2974	1299089705
03-Mar-11	3002	1299176105
04-Mar-11	2119	1299262505
05-Mar-11	1946	1299348905
06-Mar-11	1918	1299435305
07-Mar-11	2120	1299521705
08-Mar-11	2530	1299608105
09-Mar-11	1787	1299694505
10-Mar-11	1491	1299780905
11-Mar-11	2107	1299867305
12-Mar-11	2812	1299953705
13-Mar-11	2475	1300040105
14-Mar-11	2981	1300126505
15-Mar-11	2499	1300212905
16-Mar-11	3237	1300299305
17-Mar-11	3188	1300385705
18-Mar-11	2759	1300472105
19-Mar-11	3114	1300558505
20-Mar-11	2674	1300644905
21-Mar-11	7322	1300731305
22-Mar-11	2301	1300817705
23-Mar-11	4368	1300904105
24-Mar-11	2218	1300990505
25-Mar-11	2087	1301076905
26-Mar-11	2987	1301163305
27-Mar-11	2272	1301249705
28-Mar-11	3420	1301336105
29-Mar-11	2915	1301422505
30-Mar-11	1625	1301508905
31-Mar-11	2206	1301595305
01-Apr-11	1573	1301681705
02-Apr-11	1804	1301768105
03-Apr-11	1603	1301854505
04-Apr-11	2327	1301940905
05-Apr-11	2272	1302027305
06-Apr-11	1768	1302113705
07-Apr-11	1842	1302200105
08-Apr-11	1700	1302286505
09-Apr-11	1749	1302372905
10-Apr-11	1653	1302459305
11-Apr-11	1879	1302545705
12-Apr-11	2019	1302632105
13-Apr-11	2480	1302718505
14-Apr-11	2968	1302804905
15-Apr-11	2001	1302891305
16-Apr-11	1980	1302977705
17-Apr-11	2320	1303064105
18-Apr-11	2711	1303150505
19-Apr-11	3567	1303236905
20-Apr-11	3173	1303323305
21-Apr-11	1912	1303409705
22-Apr-11	2262	1303496105
23-Apr-11	2100	1303582505
24-Apr-11	2496	1303668905
25-Apr-11	2516	1303755305
26-Apr-11	2753	1303841705
27-Apr-11	4550	1303928105
28-Apr-11	3618	1304014505
29-Apr-11	3474	1304100905
30-Apr-11	4022	1304187305
01-May-11	4648	1304273705
02-May-11	2519	1304360105
03-May-11	3235	1304446505
04-May-11	2967	1304532905
05-May-11	3399	1304619305
06-May-11	3249	1304705705
07-May-11	3889	1304792105
08-May-11	2777	1304878505
09-May-11	3560	1304964905
10-May-11	3147	1305051305
11-May-11	3272	1305137705
12-May-11	2636	1305224105
13-May-11	4404	1305310505
14-May-11	4349	1305396905
15-May-11	3990	1305483305
16-May-11	4160	1305569705
17-May-11	4355	1305656105
18-May-11	4997	1305742505
19-May-11	5131	1305828905
20-May-11	4803	1305915305
21-May-11	4822	1306001705
22-May-11	5447	1306088105
23-May-11	5775	1306174505
24-May-11	5562	1306260905
25-May-11	6172	1306347305
26-May-11	6818	1306433705
27-May-11	5491	1306520105
28-May-11	5054	1306606505
29-May-11	4725	1306692905
30-May-11	4835	1306779305
31-May-11	6203	1306865705
01-Jun-11	6069	1306952105
02-Jun-11	7157	1307038505
03-Jun-11	8374	1307124905
04-Jun-11	8773	1307211305
05-Jun-11	8161	1307297705
06-Jun-11	9808	1307384105
07-Jun-11	8704	1307470505
08-Jun-11	11394	1307556905
09-Jun-11	12167	1307643305
10-Jun-11	11233	1307729705
11-Jun-11	11162	1307816105
12-Jun-11	11668	1307902505
13-Jun-11	12238	1307988905
14-Jun-11	12602	1308075305
15-Jun-11	14172	1308161705
16-Jun-11	11777	1308248105
17-Jun-11	11548	1308334505
18-Jun-11	12025	1308420905
19-Jun-11	11478	1308507305
20-Jun-11	11278	1308593705
21-Jun-11	9152	1308680105
22-Jun-11	11810	1308766505
23-Jun-11	10512	1308852905
24-Jun-11	11134	1308939305
25-Jun-11	9517	1309025705
26-Jun-11	10298	1309112105
27-Jun-11	11438	1309198505
28-Jun-11	10892	1309284905
29-Jun-11	10158	1309371305
30-Jun-11	9885	1309457705
01-Jul-11	9450	1309544105
02-Jul-11	9454	1309630505
03-Jul-11	7973	1309716905
04-Jul-11	9495	1309803305
05-Jul-11	8481	1309889705
06-Jul-11	11053	1309976105
07-Jul-11	9392	1310062505
08-Jul-11	8211	1310148905
09-Jul-11	8397	1310235305
10-Jul-11	8057	1310321705
11-Jul-11	9867	1310408105
12-Jul-11	8795	1310494505
13-Jul-11	9575	1310580905
14-Jul-11	8419	1310667305
15-Jul-11	8630	1310753705
16-Jul-11	7821	1310840105
17-Jul-11	9110	1310926505
18-Jul-11	8185	1311012905
19-Jul-11	9863	1311099305
20-Jul-11	8545	1311185705
21-Jul-11	8608	1311272105
22-Jul-11	8437	1311358505
23-Jul-11	8034	1311444905
24-Jul-11	7866	1311531305
25-Jul-11	9555	1311617705
26-Jul-11	8401	1311704105
27-Jul-11	8329	1311790505
28-Jul-11	7818	1311876905
29-Jul-11	7460	1311963305
30-Jul-11	6854	1312049705
31-Jul-11	7429	1312136105
01-Aug-11	8032	1312222505
02-Aug-11	8813	1312308905
03-Aug-11	8054	1312395305
04-Aug-11	8251	1312481705
05-Aug-11	7308	1312568105
06-Aug-11	7080	1312654505
07-Aug-11	6725	1312740905
08-Aug-11	7110	1312827305
09-Aug-11	8638	1312913705
10-Aug-11	8382	1313000105
11-Aug-11	8116	1313086505
12-Aug-11	7064	1313172905
13-Aug-11	7386	1313259305
14-Aug-11	7621	1313345705
15-Aug-11	8347	1313432105
16-Aug-11	9259	1313518505
17-Aug-11	8128	1313604905
18-Aug-11	7457	1313691305
19-Aug-11	7787	1313777705
20-Aug-11	7125	1313864105
21-Aug-11	7355	1313950505
22-Aug-11	7924	1314036905
23-Aug-11	7425	1314123305
24-Aug-11	7333	1314209705
25-Aug-11	7082	1314296105
26-Aug-11	7479	1314382505
27-Aug-11	6988	1314468905
28-Aug-11	5453	1314555305
29-Aug-11	7807	1314641705
30-Aug-11	7846	1314728105
31-Aug-11	7280	1314814505
01-Sep-11	7222	1314900905
02-Sep-11	6917	1314987305
03-Sep-11	6325	1315073705
04-Sep-11	6612	1315160105
05-Sep-11	7281	1315246505
06-Sep-11	7705	1315332905
07-Sep-11	7178	1315419305
08-Sep-11	6481	1315505705
09-Sep-11	7266	1315592105
10-Sep-11	6453	1315678505
11-Sep-11	6301	1315764905
12-Sep-11	6422	1315851305
13-Sep-11	6564	1315937705
14-Sep-11	6515	1316024105
15-Sep-11	6040	1316110505
16-Sep-11	6042	1316196905
17-Sep-11	6181	1316283305
18-Sep-11	5775	1316369705
19-Sep-11	6272	1316456105
20-Sep-11	7420	1316542505
21-Sep-11	8078	1316628905
22-Sep-11	6808	1316715305
23-Sep-11	5820	1316801705
24-Sep-11	6231	1316888105
25-Sep-11	5671	1316974505
26-Sep-11	5917	1317060905
27-Sep-11	6055	1317147305
28-Sep-11	5795	1317233705
29-Sep-11	5709	1317320105
30-Sep-11	5762	1317406505
01-Oct-11	5584	1317492905
02-Oct-11	5145	1317579305
03-Oct-11	6273	1317665705
04-Oct-11	5316	1317752105
05-Oct-11	6218	1317838505
06-Oct-11	6004	1317924905
07-Oct-11	5509	1318011305
08-Oct-11	5604	1318097705
09-Oct-11	5623	1318184105
10-Oct-11	5530	1318270505
11-Oct-11	5846	1318356905
12-Oct-11	6498	1318443305
13-Oct-11	4739	1318529705
14-Oct-11	5676	1318616105
15-Oct-11	6080	1318702505
16-Oct-11	4878	1318788905
17-Oct-11	5593	1318875305
18-Oct-11	5562	1318961705
19-Oct-11	4810	1319048105
20-Oct-11	4708	1319134505
21-Oct-11	5357	1319220905
22-Oct-11	4820	1319307305
23-Oct-11	5451	1319393705
24-Oct-11	5919	1319480105
25-Oct-11	5282	1319566505
26-Oct-11	5307	1319652905
27-Oct-11	4739	1319739305
28-Oct-11	5111	1319825705
29-Oct-11	5826	1319912105
30-Oct-11	4888	1319998505
31-Oct-11	4956	1320084905
01-Nov-11	5885	1320171305
02-Nov-11	5750	1320257705
03-Nov-11	5746	1320344105
04-Nov-11	6662	1320430505
05-Nov-11	6575	1320516905
06-Nov-11	5021	1320603305
07-Nov-11	5329	1320689705
08-Nov-11	5748	1320776105
09-Nov-11	6627	1320862505
10-Nov-11	6364	1320948905
11-Nov-11	5439	1321035305
12-Nov-11	5346	1321121705
13-Nov-11	5088	1321208105
14-Nov-11	5620	1321294505
15-Nov-11	6442	1321380905
16-Nov-11	5855	1321467305
17-Nov-11	5596	1321553705
18-Nov-11	4818	1321640105
19-Nov-11	3927	1321726505
20-Nov-11	3404	1321812905
21-Nov-11	3607	1321899305
22-Nov-11	3999	1321985705
23-Nov-11	4161	1322072105
24-Nov-11	3737	1322158505
25-Nov-11	3973	1322244905
26-Nov-11	3724	1322331305
27-Nov-11	3508	1322417705
28-Nov-11	4567	1322504105
29-Nov-11	5331	1322590505
30-Nov-11	4830	1322676905
01-Dec-11	5198	1322763305
02-Dec-11	4961	1322849705
03-Dec-11	4169	1322936105
04-Dec-11	3899	1323022505
05-Dec-11	4689	1323108905
06-Dec-11	5580	1323195305
07-Dec-11	5695	1323281705
08-Dec-11	4203	1323368105
09-Dec-11	4090	1323454505
10-Dec-11	4234	1323540905
11-Dec-11	3694	1323627305
12-Dec-11	3475	1323713705
13-Dec-11	3910	1323800105
14-Dec-11	3602	1323886505
15-Dec-11	3972	1323972905
16-Dec-11	3874	1324059305
17-Dec-11	3386	1324145705
18-Dec-11	3297	1324232105
19-Dec-11	3845	1324318505
20-Dec-11	5116	1324404905
21-Dec-11	4158	1324491305
22-Dec-11	4263	1324577705
23-Dec-11	4255	1324664105
24-Dec-11	3302	1324750505
25-Dec-11	3773	1324836905
26-Dec-11	3868	1324923305
27-Dec-11	4149	1325009705
28-Dec-11	3564	1325096105
29-Dec-11	3703	1325182505
30-Dec-11	3544	1325268905
31-Dec-11	3779	1325355305
01-Jan-12	3052	1325441705
02-Jan-12	4239	1325528105
03-Jan-12	3966	1325614505
04-Jan-12	4012	1325700905
05-Jan-12	5125	1325787305
06-Jan-12	5175	1325873705
07-Jan-12	4186	1325960105
08-Jan-12	4472	1326046505
09-Jan-12	4323	1326132905
10-Jan-12	4859	1326219305
11-Jan-12	5299	1326305705
12-Jan-12	5002	1326392105
13-Jan-12	5197	1326478505
14-Jan-12	4846	1326564905
15-Jan-12	4941	1326651305
16-Jan-12	4816	1326737705
17-Jan-12	4725	1326824105
18-Jan-12	5311	1326910505
19-Jan-12	4664	1326996905
20-Jan-12	4863	1327083305
21-Jan-12	4714	1327169705
22-Jan-12	3496	1327256105
23-Jan-12	4095	1327342505
24-Jan-12	5103	1327428905
25-Jan-12	6243	1327515305
26-Jan-12	4843	1327601705
27-Jan-12	4931	1327688105
28-Jan-12	4323	1327774505
29-Jan-12	4611	1327860905
30-Jan-12	4139	1327947305
31-Jan-12	4637	1328033705
01-Feb-12	5071	1328120105
02-Feb-12	5113	1328206505
03-Feb-12	5156	1328292905
04-Feb-12	5774	1328379305
05-Feb-12	5084	1328465705
06-Feb-12	4576	1328552105
07-Feb-12	5090	1328638505
08-Feb-12	5078	1328724905
09-Feb-12	5536	1328811305
10-Feb-12	6905	1328897705
11-Feb-12	6032	1328984105
12-Feb-12	5663	1329070505
13-Feb-12	5857	1329156905
14-Feb-12	8100	1329243305
15-Feb-12	7802	1329329705
16-Feb-12	7743	1329416105
17-Feb-12	5566	1329502505
18-Feb-12	5024	1329588905
19-Feb-12	4286	1329675305
20-Feb-12	4510	1329761705
21-Feb-12	4767	1329848105
22-Feb-12	5474	1329934505
23-Feb-12	6051	1330020905
24-Feb-12	5558	1330107305
25-Feb-12	4910	1330193705
26-Feb-12	4227	1330280105
27-Feb-12	4684	1330366505
28-Feb-12	5029	1330452905
29-Feb-12	5096	1330539305
01-Mar-12	5123	1330625705
02-Mar-12	6031	1330712105
03-Mar-12	4378	1330798505
04-Mar-12	4531	1330884905
05-Mar-12	5305	1330971305
06-Mar-12	4916	1331057705
07-Mar-12	4828	1331144105
08-Mar-12	4983	1331230505
09-Mar-12	4806	1331316905
10-Mar-12	4443	1331403305
11-Mar-12	3726	1331489705
12-Mar-12	4053	1331576105
13-Mar-12	5183	1331662505
14-Mar-12	5482	1331748905
15-Mar-12	5130	1331835305
16-Mar-12	5036	1331921705
17-Mar-12	5670	1332008105
18-Mar-12	4248	1332094505
19-Mar-12	5057	1332180905
20-Mar-12	4964	1332267305
21-Mar-12	5376	1332353705
22-Mar-12	5184	1332440105
23-Mar-12	4796	1332526505
24-Mar-12	4929	1332612905
25-Mar-12	4515	1332699305
26-Mar-12	4874	1332785705
27-Mar-12	4990	1332872105
28-Mar-12	5550	1332958505
29-Mar-12	6073	1333044905
30-Mar-12	5688	1333131305
31-Mar-12	4799	1333217705
01-Apr-12	4221	1333304105
02-Apr-12	4676	1333390505
03-Apr-12	5962	1333476905
04-Apr-12	5980	1333563305
05-Apr-12	5552	1333649705
06-Apr-12	5402	1333736105
07-Apr-12	4755	1333822505
08-Apr-12	4577	1333908905
09-Apr-12	4610	1333995305
10-Apr-12	6883	1334081705
11-Apr-12	6055	1334168105
12-Apr-12	6776	1334254505
13-Apr-12	6243	1334340905
14-Apr-12	6457	1334427305
15-Apr-12	5919	1334513705
16-Apr-12	6426	1334600105
17-Apr-12	6827	1334686505
18-Apr-12	6626	1334772905
19-Apr-12	6306	1334859305
20-Apr-12	6559	1334945705
21-Apr-12	6260	1335032105
22-Apr-12	5218	1335118505
23-Apr-12	5268	1335204905
24-Apr-12	5874	1335291305
25-Apr-12	5710	1335377705
26-Apr-12	5807	1335464105
27-Apr-12	5582	1335550505
28-Apr-12	5206	1335636905
29-Apr-12	5285	1335723305
30-Apr-12	5775	1335809705
01-May-12	6009	1335896105
02-May-12	5960	1335982505
03-May-12	6624	1336068905
04-May-12	7340	1336155305
05-May-12	5582	1336241705
06-May-12	5374	1336328105
07-May-12	6812	1336414505
08-May-12	6998	1336500905
09-May-12	6874	1336587305
10-May-12	6232	1336673705
11-May-12	6418	1336760105
12-May-12	5599	1336846505
13-May-12	5044	1336932905
14-May-12	7296	1337019305
15-May-12	6782	1337105705
16-May-12	6147	1337192105
17-May-12	5647	1337278505
18-May-12	6235	1337364905
19-May-12	5229	1337451305
20-May-12	5209	1337537705
21-May-12	5527	1337624105
22-May-12	6701	1337710505
23-May-12	6460	1337796905
24-May-12	5904	1337883305
25-May-12	6180	1337969705
26-May-12	5509	1338056105
27-May-12	4970	1338142505
28-May-12	5358	1338228905
29-May-12	7487	1338315305
30-May-12	6679	1338401705
31-May-12	7082	1338488105
01-Jun-12	6637	1338574505
02-Jun-12	5625	1338660905
03-Jun-12	5991	1338747305
04-Jun-12	6048	1338833705
05-Jun-12	7516	1338920105
06-Jun-12	6916	1339006505
07-Jun-12	7171	1339092905
08-Jun-12	7227	1339179305
09-Jun-12	6554	1339265705
10-Jun-12	6338	1339352105
11-Jun-12	6356	1339438505
12-Jun-12	7020	1339524905
13-Jun-12	7098	1339611305
14-Jun-12	7606	1339697705
15-Jun-12	8641	1339784105
16-Jun-12	9429	1339870505
17-Jun-12	10008	1339956905
18-Jun-12	9884	1340043305
19-Jun-12	8462	1340129705
20-Jun-12	8463	1340216105
21-Jun-12	8018	1340302505
22-Jun-12	8403	1340388905
23-Jun-12	8191	1340475305
24-Jun-12	7179	1340561705
25-Jun-12	9685	1340648105
26-Jun-12	13495	1340734505
27-Jun-12	14690	1340820905
28-Jun-12	12121	1340907305
29-Jun-12	12605	1340993705
30-Jun-12	13953	1341080105
01-Jul-12	11476	1341166505
02-Jul-12	15888	1341252905
03-Jul-12	12608	1341339305
04-Jul-12	11814	1341425705
05-Jul-12	9812	1341512105
06-Jul-12	9044	1341598505
07-Jul-12	14531	1341684905
08-Jul-12	9436	1341771305
09-Jul-12	11769	1341857705
10-Jul-12	14253	1341944105
11-Jul-12	12621	1342030505
12-Jul-12	14729	1342116905
13-Jul-12	12350	1342203305
14-Jul-12	12889	1342289705
15-Jul-12	11599	1342376105
16-Jul-12	12849	1342462505
17-Jul-12	15490	1342548905
18-Jul-12	12195	1342635305
19-Jul-12	11908	1342721705
20-Jul-12	14058	1342808105
21-Jul-12	15535	1342894505
22-Jul-12	14143	1342980905
23-Jul-12	16667	1343067305
24-Jul-12	13623	1343153705
25-Jul-12	12535	1343240105
26-Jul-12	11699	1343326505
27-Jul-12	11425	1343412905
28-Jul-12	13889	1343499305
29-Jul-12	11567	1343585705
30-Jul-12	12850	1343672105
31-Jul-12	17125	1343758505
01-Aug-12	19278	1343844905
02-Aug-12	15951	1343931305
03-Aug-12	14362	1344017705
04-Aug-12	14934	1344104105
05-Aug-12	14297	1344190505
06-Aug-12	16076	1344276905
07-Aug-12	15315	1344363305
08-Aug-12	15584	1344449705
09-Aug-12	17203	1344536105
10-Aug-12	13747	1344622505
11-Aug-12	14506	1344708905
12-Aug-12	13552	1344795305
13-Aug-12	17446	1344881705
14-Aug-12	15631	1344968105
15-Aug-12	14665	1345054505
16-Aug-12	24045	1345140905
17-Aug-12	24396	1345227305
18-Aug-12	21679	1345313705
19-Aug-12	15126	1345400105
20-Aug-12	16526	1345486505
21-Aug-12	20195	1345572905
22-Aug-12	18217	1345659305
23-Aug-12	18003	1345745705
24-Aug-12	16869	1345832105
25-Aug-12	16349	1345918505
26-Aug-12	13231	1346004905
27-Aug-12	13916	1346091305
28-Aug-12	13018	1346177705
29-Aug-12	14755	1346264105
30-Aug-12	11990	1346350505
31-Aug-12	17651	1346436905
01-Sep-12	17919	1346523305
02-Sep-12	12876	1346609705
03-Sep-12	11042	1346696105
04-Sep-12	13895	1346782505
05-Sep-12	18105	1346868905
06-Sep-12	18987	1346955305
07-Sep-12	14184	1347041705
08-Sep-12	14589	1347128105
09-Sep-12	16682	1347214505
10-Sep-12	13071	1347300905
11-Sep-12	17028	1347387305
12-Sep-12	14146	1347473705
13-Sep-12	11905	1347560105
14-Sep-12	13751	1347646505
15-Sep-12	12227	1347732905
16-Sep-12	12149	1347819305
17-Sep-12	10967	1347905705
18-Sep-12	15454	1347992105
19-Sep-12	14795	1348078505
20-Sep-12	19585	1348164905
21-Sep-12	11290	1348251305
22-Sep-12	9799	1348337705
23-Sep-12	9671	1348424105
24-Sep-12	10979	1348510505
25-Sep-12	14273	1348596905
26-Sep-12	17172	1348683305
27-Sep-12	14752	1348769705
28-Sep-12	15794	1348856105
29-Sep-12	15930	1348942505
30-Sep-12	10929	1349028905
01-Oct-12	11524	1349115305
02-Oct-12	16185	1349201705
03-Oct-12	17520	1349288105
04-Oct-12	13985	1349374505
05-Oct-12	13434	1349460905
06-Oct-12	12842	1349547305
07-Oct-12	10787	1349633705
08-Oct-12	12409	1349720105
09-Oct-12	13691	1349806505
10-Oct-12	13797	1349892905
11-Oct-12	13414	1349979305
12-Oct-12	12965	1350065705
13-Oct-12	12101	1350152105
14-Oct-12	11302	1350238505
15-Oct-12	12844	1350324905
16-Oct-12	11214	1350411305
17-Oct-12	14024	1350497705
18-Oct-12	15835	1350584105
19-Oct-12	15934	1350670505
20-Oct-12	13230	1350756905
21-Oct-12	10212	1350843305
22-Oct-12	11321	1350929705
23-Oct-12	11068	1351016105
24-Oct-12	13163	1351102505
25-Oct-12	13525	1351188905
26-Oct-12	14132	1351275305
27-Oct-12	10196	1351361705
28-Oct-12	9694	1351448105
29-Oct-12	9161	1351534505
30-Oct-12	10291	1351620905
31-Oct-12	11056	1351707305
01-Nov-12	10842	1351793705
02-Nov-12	10731	1351880105
03-Nov-12	10952	1351966505
04-Nov-12	9755	1352052905
05-Nov-12	10585	1352139305
06-Nov-12	10983	1352225705
07-Nov-12	12076	1352312105
08-Nov-12	12054	1352398505
09-Nov-12	11892	1352484905
10-Nov-12	9649	1352571305
11-Nov-12	8038	1352657705
12-Nov-12	9925	1352744105
13-Nov-12	8793	1352830505
14-Nov-12	10839	1352916905
15-Nov-12	14067	1353003305
16-Nov-12	14493	1353089705
17-Nov-12	13070	1353176105
18-Nov-12	12069	1353262505
19-Nov-12	13291	1353348905
20-Nov-12	15204	1353435305
21-Nov-12	13398	1353521705
22-Nov-12	16262	1353608105
23-Nov-12	12915	1353694505
24-Nov-12	13245	1353780905
25-Nov-12	11687	1353867305
26-Nov-12	12105	1353953705
27-Nov-12	14655	1354040105
28-Nov-12	13339	1354126505
29-Nov-12	13420	1354212905
30-Nov-12	12121	1354299305
01-Dec-12	11156	1354385705
02-Dec-12	9133	1354472105
03-Dec-12	10120	1354558505
04-Dec-12	12593	1354644905
05-Dec-12	15540	1354731305
06-Dec-12	13587	1354817705
07-Dec-12	13173	1354904105
08-Dec-12	12347	1354990505
09-Dec-12	10771	1355076905
10-Dec-12	11427	1355163305
11-Dec-12	13765	1355249705
12-Dec-12	15571	1355336105
13-Dec-12	16338	1355422505
14-Dec-12	15409	1355508905
15-Dec-12	12963	1355595305
16-Dec-12	12799	1355681705
17-Dec-12	14162	1355768105
18-Dec-12	17697	1355854505
19-Dec-12	15423	1355940905
20-Dec-12	13466	1356027305
21-Dec-12	14440	1356113705
22-Dec-12	17745	1356200105
23-Dec-12	13381	1356286505
24-Dec-12	12446	1356372905
25-Dec-12	10601	1356459305
26-Dec-12	10482	1356545705
27-Dec-12	11889	1356632105
28-Dec-12	13908	1356718505
29-Dec-12	13470	1356804905
30-Dec-12	16611	1356891305
31-Dec-12	12793	1356977705
01-Jan-13	13424	1357064105
02-Jan-13	16176	1357150505
03-Jan-13	16404	1357236905
04-Jan-13	17256	1357323305
05-Jan-13	17789	1357409705
06-Jan-13	14625	1357496105
07-Jan-13	18091	1357582505
08-Jan-13	17259	1357668905
09-Jan-13	18753	1357755305
10-Jan-13	18846	1357841705
11-Jan-13	21326	1357928105
12-Jan-13	16729	1358014505
13-Jan-13	17120	1358100905
14-Jan-13	11472	1358187305
15-Jan-13	18811	1358273705
16-Jan-13	20222	1358360105
17-Jan-13	18114	1358446505
18-Jan-13	19684	1358532905
19-Jan-13	17522	1358619305
20-Jan-13	15397	1358705705
21-Jan-13	15108	1358792105
22-Jan-13	17719	1358878505
23-Jan-13	15664	1358964905
24-Jan-13	18028	1359051305
25-Jan-13	17666	1359137705
26-Jan-13	18247	1359224105
27-Jan-13	15128	1359310505
28-Jan-13	15506	1359396905
29-Jan-13	16885	1359483305
30-Jan-13	15686	1359569705
31-Jan-13	16186	1359656105
01-Feb-13	18874	1359742505
02-Feb-13	17383	1359828905
03-Feb-13	16161	1359915305
04-Feb-13	17821	1360001705
05-Feb-13	23359	1360088105
06-Feb-13	19299	1360174505
07-Feb-13	20178	1360260905
08-Feb-13	20369	1360347305
09-Feb-13	18174	1360433705
10-Feb-13	19316	1360520105
11-Feb-13	17988	1360606505
12-Feb-13	18081	1360692905
13-Feb-13	16313	1360779305
14-Feb-13	16942	1360865705
15-Feb-13	17649	1360952105
16-Feb-13	15330	1361038505
17-Feb-13	14033	1361124905
18-Feb-13	16973	1361211305
19-Feb-13	17047	1361297705
20-Feb-13	18258	1361384105
21-Feb-13	17339	1361470505
22-Feb-13	18252	1361556905
23-Feb-13	17279	1361643305
24-Feb-13	16568	1361729705
25-Feb-13	18098	1361816105
26-Feb-13	19601	1361902505
27-Feb-13	18868	1361988905
28-Feb-13	19200	1362075305
01-Mar-13	21567	1362161705
02-Mar-13	17227	1362248105
03-Mar-13	12300	1362334505
04-Mar-13	15604	1362420905
05-Mar-13	19608	1362507305
06-Mar-13	22628	1362593705
07-Mar-13	21927	1362680105
08-Mar-13	20934	1362766505
09-Mar-13	17139	1362852905
10-Mar-13	21266	1362939305
11-Mar-13	16740	1363025705
12-Mar-13	16281	1363112105
13-Mar-13	21149	1363198505
14-Mar-13	20098	1363284905
15-Mar-13	21347	1363371305
16-Mar-13	18570	1363457705
17-Mar-13	17059	1363544105
18-Mar-13	19061	1363630505
19-Mar-13	24469	1363716905
20-Mar-13	22659	1363803305
21-Mar-13	23501	1363889705
22-Mar-13	26754	1363976105
23-Mar-13	22002	1364062505
24-Mar-13	24811	1364148905
25-Mar-13	25336	1364235305
26-Mar-13	24343	1364321705
27-Mar-13	27647	1364408105
28-Mar-13	33459	1364494505
29-Mar-13	30749	1364580905
30-Mar-13	27579	1364667305
31-Mar-13	19367	1364753705
01-Apr-13	22408	1364840105
02-Apr-13	31282	1364926505
03-Apr-13	35162	1365012905
04-Apr-13	37870	1365099305
05-Apr-13	35319	1365185705
06-Apr-13	28056	1365272105
07-Apr-13	25164	1365358505
08-Apr-13	33728	1365444905
09-Apr-13	41823	1365531305
10-Apr-13	51455	1365617705
11-Apr-13	49131	1365704105
12-Apr-13	38328	1365790505
13-Apr-13	30827	1365876905
14-Apr-13	23968	1365963305
15-Apr-13	26933	1366049705
16-Apr-13	33725	1366136105
17-Apr-13	33619	1366222505
18-Apr-13	28920	1366308905
19-Apr-13	35933	1366395305
20-Apr-13	26957	1366481705
21-Apr-13	24533	1366568105
22-Apr-13	27512	1366654505
23-Apr-13	31495	1366740905
24-Apr-13	33712	1366827305
25-Apr-13	31457	1366913705
26-Apr-13	28632	1367000105
27-Apr-13	24689	1367086505
28-Apr-13	22796	1367172905
29-Apr-13	27314	1367259305
30-Apr-13	25564	1367345705
01-May-13	24530	1367432105
02-May-13	27688	1367518505
03-May-13	26506	1367604905
04-May-13	18242	1367691305
05-May-13	21113	1367777705
06-May-13	24879	1367864105
07-May-13	27551	1367950505
08-May-13	25395	1368036905
09-May-13	25416	1368123305
10-May-13	25530	1368209705
11-May-13	21238	1368296105
12-May-13	19684	1368382505
13-May-13	23179	1368468905
14-May-13	26812	1368555305
15-May-13	28149	1368641705
16-May-13	26773	1368728105
17-May-13	26882	1368814505
18-May-13	22985	1368900905
19-May-13	19778	1368987305
20-May-13	22790	1369073705
21-May-13	25688	1369160105
22-May-13	26186	1369246505
23-May-13	27539	1369332905
24-May-13	28073	1369419305
25-May-13	23552	1369505705
26-May-13	21292	1369592105
27-May-13	23700	1369678505
28-May-13	23738	1369764905
29-May-13	28087	1369851305
30-May-13	26318	1369937705
31-May-13	26691	1370024105
01-Jun-13	24158	1370110505
02-Jun-13	22684	1370196905
03-Jun-13	24959	1370283305
04-Jun-13	27841	1370369705
05-Jun-13	25027	1370456105
06-Jun-13	26401	1370542505
07-Jun-13	26978	1370628905
08-Jun-13	23662	1370715305
09-Jun-13	20904	1370801705
10-Jun-13	20896	1370888105
11-Jun-13	23454	1370974505
12-Jun-13	21852	1371060905
13-Jun-13	22741	1371147305
14-Jun-13	26342	1371233705
15-Jun-13	21840	1371320105
16-Jun-13	17372	1371406505
17-Jun-13	20835	1371492905
18-Jun-13	23077	1371579305
19-Jun-13	25385	1371665705
20-Jun-13	26140	1371752105
21-Jun-13	26165	1371838505
22-Jun-13	21857	1371924905
23-Jun-13	18203	1372011305
24-Jun-13	21748	1372097705
25-Jun-13	24782	1372184105
26-Jun-13	26087	1372270505
27-Jun-13	24892	1372356905
28-Jun-13	26147	1372443305
29-Jun-13	23586	1372529705
30-Jun-13	19434	1372616105
01-Jul-13	24137	1372702505
02-Jul-13	29925	1372788905
03-Jul-13	25803	1372875305
04-Jul-13	26097	1372961705
05-Jul-13	22418	1373048105
06-Jul-13	22481	1373134505
07-Jul-13	17764	1373220905
08-Jul-13	23029	1373307305
09-Jul-13	26041	1373393705
10-Jul-13	26244	1373480105
11-Jul-13	29490	1373566505
12-Jul-13	33625	1373652905
13-Jul-13	25977	1373739305
14-Jul-13	17989	1373825705
15-Jul-13	21699	1373912105
16-Jul-13	25421	1373998505
17-Jul-13	26069	1374084905
18-Jul-13	26312	1374171305
19-Jul-13	24401	1374257705
20-Jul-13	20029	1374344105
21-Jul-13	21524	1374430505
22-Jul-13	22602	1374516905
23-Jul-13	26085	1374603305
24-Jul-13	26735	1374689705
25-Jul-13	26580	1374776105
26-Jul-13	27299	1374862505
27-Jul-13	21881	1374948905
28-Jul-13	18416	1375035305
29-Jul-13	26191	1375121705
30-Jul-13	27480	1375208105
31-Jul-13	33198	1375294505
01-Aug-13	31084	1375380905
02-Aug-13	33698	1375467305
03-Aug-13	25934	1375553705
04-Aug-13	20226	1375640105
05-Aug-13	25770	1375726505
06-Aug-13	27939	1375812905
07-Aug-13	28170	1375899305
08-Aug-13	28609	1375985705
09-Aug-13	25338	1376072105
10-Aug-13	23776	1376158505
11-Aug-13	19500	1376244905
12-Aug-13	27001	1376331305
13-Aug-13	33947	1376417705
14-Aug-13	31876	1376504105
15-Aug-13	32388	1376590505
16-Aug-13	32176	1376676905
17-Aug-13	28976	1376763305
18-Aug-13	25899	1376849705
19-Aug-13	29673	1376936105
20-Aug-13	35589	1377022505
21-Aug-13	37681	1377108905
22-Aug-13	37527	1377195305
23-Aug-13	34078	1377281705
24-Aug-13	27218	1377368105
25-Aug-13	24835	1377454505
26-Aug-13	31010	1377540905
27-Aug-13	36873	1377627305
28-Aug-13	36209	1377713705
29-Aug-13	32714	1377800105
30-Aug-13	35621	1377886505
31-Aug-13	33954	1377972905
01-Sep-13	27222	1378059305
02-Sep-13	28807	1378145705
03-Sep-13	32641	1378232105
04-Sep-13	34303	1378318505
05-Sep-13	37741	1378404905
06-Sep-13	35505	1378491305
07-Sep-13	34405	1378577705
08-Sep-13	26077	1378664105
09-Sep-13	33571	1378750505
10-Sep-13	34709	1378836905
11-Sep-13	35535	1378923305
12-Sep-13	38697	1379009705
13-Sep-13	34662	1379096105
14-Sep-13	28979	1379182505
15-Sep-13	28348	1379268905
16-Sep-13	33155	1379355305
17-Sep-13	42021	1379441705
18-Sep-13	43705	1379528105
19-Sep-13	41152	1379614505
20-Sep-13	40460	1379700905
21-Sep-13	36353	1379787305
22-Sep-13	33215	1379873705
23-Sep-13	38353	1379960105
24-Sep-13	41262	1380046505
25-Sep-13	40337	1380132905
26-Sep-13	38352	1380219305
27-Sep-13	36560	1380305705
28-Sep-13	31425	1380392105
29-Sep-13	28026	1380478505
30-Sep-13	32223	1380564905
01-Oct-13	39079	1380651305
02-Oct-13	42584	1380737705
03-Oct-13	41357	1380824105
04-Oct-13	35360	1380910505
05-Oct-13	31381	1380996905
06-Oct-13	26177	1381083305
07-Oct-13	30100	1381169705
08-Oct-13	34291	1381256105
09-Oct-13	38692	1381342505
10-Oct-13	36547	1381428905
11-Oct-13	37937	1381515305
12-Oct-13	33344	1381601705
13-Oct-13	31479	1381688105
14-Oct-13	36518	1381774505
15-Oct-13	37753	1381860905
16-Oct-13	39527	1381947305
17-Oct-13	35519	1382033705
18-Oct-13	42341	1382120105
19-Oct-13	40260	1382206505
20-Oct-13	33432	1382292905
21-Oct-13	40197	1382379305
22-Oct-13	47416	1382465705
23-Oct-13	42721	1382552105
24-Oct-13	46979	1382638505
25-Oct-13	43703	1382724905
26-Oct-13	34869	1382811305
27-Oct-13	30090	1382897705
28-Oct-13	34629	1382984105
29-Oct-13	38140	1383070505
30-Oct-13	38560	1383156905
31-Oct-13	38478	1383243305
01-Nov-13	35575	1383329705
02-Nov-13	35652	1383416105
03-Nov-13	30351	1383502505
04-Nov-13	38141	1383588905
05-Nov-13	45732	1383675305
06-Nov-13	48151	1383761705
07-Nov-13	53470	1383848105
08-Nov-13	53584	1383934505
09-Nov-13	53728	1384020905
10-Nov-13	44438	1384107305
11-Nov-13	44441	1384193705
12-Nov-13	48485	1384280105
13-Nov-13	51452	1384366505
14-Nov-13	56284	1384452905
15-Nov-13	50247	1384539305
16-Nov-13	44994	1384625705
17-Nov-13	40401	1384712105
18-Nov-13	62847	1384798505
19-Nov-13	85571	1384884905
20-Nov-13	68797	1384971305
21-Nov-13	63432	1385057705
22-Nov-13	67820	1385144105
23-Nov-13	65874	1385230505
24-Nov-13	49377	1385316905
25-Nov-13	60652	1385403305
26-Nov-13	70916	1385489705
27-Nov-13	85164	1385576105
28-Nov-13	93911	1385662505
29-Nov-13	83714	1385748905
30-Nov-13	73917	1385835305
01-Dec-13	61331	1385921705
02-Dec-13	69250	1386008105
03-Dec-13	71611	1386094505
04-Dec-13	72687	1386180905
05-Dec-13	78591	1386267305
06-Dec-13	66006	1386353705
07-Dec-13	68497	1386440105
08-Dec-13	44771	1386526505
09-Dec-13	54531	1386612905
10-Dec-13	60322	1386699305
11-Dec-13	60671	1386785705
12-Dec-13	52110	1386872105
13-Dec-13	53311	1386958505
14-Dec-13	50023	1387044905
15-Dec-13	47577	1387131305
16-Dec-13	55917	1387217705
17-Dec-13	65237	1387304105
18-Dec-13	72219	1387390505
19-Dec-13	61379	1387476905
20-Dec-13	59721	1387563305
21-Dec-13	49099	1387649705
22-Dec-13	42186	1387736105
23-Dec-13	44607	1387822505
24-Dec-13	48392	1387908905
25-Dec-13	48430	1387995305
26-Dec-13	41892	1388081705
27-Dec-13	47287	1388168105
28-Dec-13	40315	1388254505
29-Dec-13	39438	1388340905
30-Dec-13	47795	1388427305
31-Dec-13	46174	1388513705
01-Jan-14	33625	1388600105
02-Jan-14	42112	1388686505
03-Jan-14	56617	1388772905
04-Jan-14	46386	1388859305
05-Jan-14	48192	1388945705
06-Jan-14	60826	1389032105
07-Jan-14	55344	1389118505
08-Jan-14	55054	1389204905
09-Jan-14	50774	1389291305
10-Jan-14	49153	1389377705
11-Jan-14	48970	1389464105
12-Jan-14	42175	1389550505
13-Jan-14	47711	1389636905
14-Jan-14	49932	1389723305
15-Jan-14	51934	1389809705
16-Jan-14	49623	1389896105
17-Jan-14	49365	1389982505
18-Jan-14	44588	1390068905
19-Jan-14	41985	1390155305
20-Jan-14	51466	1390241705
21-Jan-14	60309	1390328105
22-Jan-14	58564	1390414505
23-Jan-14	55005	1390500905
24-Jan-14	59895	1390587305
25-Jan-14	47710	1390673705
26-Jan-14	46710	1390760105
27-Jan-14	54329	1390846505
28-Jan-14	61216	1390932905
29-Jan-14	56810	1391019305
30-Jan-14	55026	1391105705
31-Jan-14	56192	1391192105
01-Feb-14	50171	1391278505
02-Feb-14	44915	1391364905
03-Feb-14	51992	1391451305
04-Feb-14	59321	1391537705
05-Feb-14	62067	1391624105
06-Feb-14	63678	1391710505
07-Feb-14	65766	1391796905
08-Feb-14	57867	1391883305
09-Feb-14	52019	1391969705
10-Feb-14	61132	1392056105
11-Feb-14	57955	1392142505
12-Feb-14	56760	1392228905
13-Feb-14	59093	1392315305
14-Feb-14	67449	1392401705
15-Feb-14	55413	1392488105
16-Feb-14	48370	1392574505
17-Feb-14	50026	1392660905
18-Feb-14	56375	1392747305
19-Feb-14	59290	1392833705
20-Feb-14	63613	1392920105
21-Feb-14	67627	1393006505
22-Feb-14	53496	1393092905
23-Feb-14	52230	1393179305
24-Feb-14	62090	1393265705
25-Feb-14	77494	1393352105
26-Feb-14	66512	1393438505
27-Feb-14	65279	1393524905
28-Feb-14	64477	1393611305
01-Mar-14	58109	1393697705
02-Mar-14	51306	1393784105
03-Mar-14	65711	1393870505
04-Mar-14	80405	1393956905
05-Mar-14	66518	1394043305
06-Mar-14	64869	1394129705
07-Mar-14	63687	1394216105
08-Mar-14	64748	1394302505
09-Mar-14	56901	1394388905
10-Mar-14	62205	1394475305
11-Mar-14	69747	1394561705
12-Mar-14	70451	1394648105
13-Mar-14	70141	1394734505
14-Mar-14	64302	1394820905
15-Mar-14	61481	1394907305
16-Mar-14	53512	1394993705
17-Mar-14	60315	1395080105
18-Mar-14	54012	1395166505
19-Mar-14	58408	1395252905
20-Mar-14	65858	1395339305
21-Mar-14	64789	1395425705
22-Mar-14	59005	1395512105
23-Mar-14	49799	1395598505
24-Mar-14	57982	1395684905
25-Mar-14	62131	1395771305
26-Mar-14	61430	1395857705
27-Mar-14	63326	1395944105
28-Mar-14	62230	1396030505
29-Mar-14	48911	1396116905
30-Mar-14	48087	1396203305
31-Mar-14	55077	1396289705
01-Apr-14	58640	1396376105
02-Apr-14	60114	1396462505
03-Apr-14	61093	1396548905
04-Apr-14	57563	1396635305
05-Apr-14	52538	1396721705
06-Apr-14	41548	1396808105
07-Apr-14	51594	1396894505
08-Apr-14	59906	1396980905
09-Apr-14	55882	1397067305
10-Apr-14	60009	1397153705
11-Apr-14	59225	1397240105
12-Apr-14	46197	1397326505
13-Apr-14	41146	1397412905
14-Apr-14	55962	1397499305
15-Apr-14	65835	1397585705
16-Apr-14	63308	1397672105
17-Apr-14	60301	1397758505
18-Apr-14	50198	1397844905
19-Apr-14	50045	1397931305
20-Apr-14	43670	1398017705
21-Apr-14	53398	1398104105
22-Apr-14	67222	1398190505
23-Apr-14	67166	1398276905
24-Apr-14	62271	1398363305
25-Apr-14	71984	1398449705
26-Apr-14	53383	1398536105
27-Apr-14	45405	1398622505
28-Apr-14	56288	1398708905
29-Apr-14	58686	1398795305
30-Apr-14	57558	1398881705
01-May-14	56146	1398968105
02-May-14	53800	1399054505
03-May-14	48488	1399140905
04-May-14	45157	1399227305
05-May-14	55470	1399313705
06-May-14	67980	1399400105
07-May-14	64083	1399486505
08-May-14	61626	1399572905
09-May-14	61323	1399659305
10-May-14	55633	1399745705
11-May-14	48439	1399832105
12-May-14	63435	1399918505
13-May-14	63900	1400004905
14-May-14	63119	1400091305
15-May-14	68081	1400177705
16-May-14	62685	1400264105
17-May-14	50924	1400350505
18-May-14	45521	1400436905
19-May-14	55903	1400523305
20-May-14	64563	1400609705
21-May-14	65595	1400696105
22-May-14	62786	1400782505
23-May-14	66578	1400868905
24-May-14	52616	1400955305
25-May-14	50254	1401041705
26-May-14	58215	1401128105
27-May-14	60714	1401214505
28-May-14	66749	1401300905
29-May-14	58932	1401387305
30-May-14	61119	1401473705
31-May-14	50349	1401560105
01-Jun-14	48238	1401646505
02-Jun-14	56625	1401732905
03-Jun-14	64508	1401819305
04-Jun-14	62282	1401905705
05-Jun-14	61399	1401992105
06-Jun-14	59197	1402078505
07-Jun-14	49794	1402164905
08-Jun-14	43445	1402251305
09-Jun-14	52697	1402337705
10-Jun-14	59436	1402424105
11-Jun-14	58166	1402510505
12-Jun-14	58229	1402596905
13-Jun-14	61667	1402683305
14-Jun-14	51974	1402769705
15-Jun-14	44881	1402856105
16-Jun-14	55333	1402942505
17-Jun-14	61902	1403028905
18-Jun-14	62754	1403115305
19-Jun-14	56372	1403201705
20-Jun-14	55889	1403288105
21-Jun-14	49007	1403374505
22-Jun-14	45909	1403460905
23-Jun-14	53514	1403547305
24-Jun-14	59866	1403633705
25-Jun-14	57849	1403720105
26-Jun-14	57187	1403806505
27-Jun-14	56295	1403892905
28-Jun-14	52183	1403979305
29-Jun-14	44675	1404065705
30-Jun-14	57408	1404152105
01-Jul-14	64855	1404238505
02-Jul-14	62842	1404324905
03-Jul-14	59392	1404411305
04-Jul-14	57102	1404497705
05-Jul-14	43684	1404584105
06-Jul-14	47739	1404670505
07-Jul-14	56650	1404756905
08-Jul-14	65142	1404843305
09-Jul-14	64396	1404929705
10-Jul-14	58507	1405016105
11-Jul-14	57127	1405102505
12-Jul-14	51347	1405188905
13-Jul-14	48085	1405275305
14-Jul-14	53369	1405361705
15-Jul-14	61612	1405448105
16-Jul-14	60139	1405534505
17-Jul-14	61928	1405620905
18-Jul-14	57314	1405707305
19-Jul-14	52995	1405793705
20-Jul-14	50857	1405880105
21-Jul-14	57612	1405966505
22-Jul-14	62921	1406052905
23-Jul-14	65037	1406139305
24-Jul-14	60982	1406225705
25-Jul-14	59317	1406312105
26-Jul-14	51209	1406398505
27-Jul-14	49062	1406484905
28-Jul-14	56163	1406571305
29-Jul-14	60770	1406657705
30-Jul-14	59532	1406744105
31-Jul-14	62647	1406830505
01-Aug-14	61823	1406916905
02-Aug-14	55899	1407003305
03-Aug-14	49287	1407089705
04-Aug-14	59112	1407176105
05-Aug-14	67774	1407262505
06-Aug-14	71825	1407348905
07-Aug-14	65231	1407435305
08-Aug-14	62814	1407521705
09-Aug-14	58049	1407608105
10-Aug-14	53617	1407694505
11-Aug-14	65330	1407780905
12-Aug-14	72854	1407867305
13-Aug-14	69312	1407953705
14-Aug-14	75480	1408040105
15-Aug-14	63678	1408126505
16-Aug-14	70469	1408212905
17-Aug-14	54894	1408299305
18-Aug-14	63950	1408385705
19-Aug-14	70875	1408472105
20-Aug-14	69785	1408558505
21-Aug-14	71266	1408644905
22-Aug-14	66732	1408731305
23-Aug-14	57973	1408817705
24-Aug-14	52680	1408904105
25-Aug-14	63222	1408990505
26-Aug-14	71269	1409076905
27-Aug-14	69521	1409163305
28-Aug-14	66527	1409249705
29-Aug-14	65314	1409336105
30-Aug-14	61887	1409422505
31-Aug-14	56915	1409508905
01-Sep-14	61965	1409595305
02-Sep-14	66497	1409681705
03-Sep-14	66433	1409768105
04-Sep-14	67680	1409854505
05-Sep-14	63656	1409940905
06-Sep-14	62897	1410027305
07-Sep-14	55736	1410113705
08-Sep-14	67638	1410200105
09-Sep-14	76384	1410286505
10-Sep-14	72396	1410372905
11-Sep-14	65134	1410459305
12-Sep-14	64582	1410545705
13-Sep-14	60353	1410632105
14-Sep-14	58907	1410718505
15-Sep-14	68187	1410804905
16-Sep-14	82881	1410891305
17-Sep-14	75113	1410977705
18-Sep-14	76196	1411064105
19-Sep-14	69166	1411150505
20-Sep-14	60173	1411236905
21-Sep-14	58629	1411323305
22-Sep-14	65891	1411409705
23-Sep-14	68439	1411496105
24-Sep-14	75798	1411582505
25-Sep-14	74180	1411668905
26-Sep-14	69279	1411755305
27-Sep-14	61574	1411841705
28-Sep-14	56893	1411928105
29-Sep-14	68262	1412014505
30-Sep-14	75290	1412100905
01-Oct-14	74675	1412187305
02-Oct-14	69812	1412273705
03-Oct-14	67817	1412360105
04-Oct-14	65139	1412446505
05-Oct-14	62133	1412532905
06-Oct-14	70344	1412619305
07-Oct-14	74334	1412705705
08-Oct-14	73207	1412792105
09-Oct-14	73307	1412878505
10-Oct-14	73889	1412964905
11-Oct-14	61934	1413051305
12-Oct-14	59581	1413137705
13-Oct-14	70036	1413224105
14-Oct-14	75953	1413310505
15-Oct-14	73184	1413396905
16-Oct-14	70193	1413483305
17-Oct-14	69098	1413569705
18-Oct-14	64669	1413656105
19-Oct-14	58026	1413742505
20-Oct-14	71465	1413828905
21-Oct-14	76716	1413915305
22-Oct-14	74600	1414001705
23-Oct-14	71289	1414088105
24-Oct-14	74677	1414174505
25-Oct-14	66299	1414260905
26-Oct-14	66113	1414347305
27-Oct-14	74641	1414433705
28-Oct-14	80037	1414520105
29-Oct-14	79347	1414606505
30-Oct-14	80386	1414692905
31-Oct-14	79609	1414779305
01-Nov-14	67184	1414865705
02-Nov-14	64662	1414952105
03-Nov-14	73300	1415038505
04-Nov-14	80673	1415124905
05-Nov-14	79327	1415211305
06-Nov-14	80971	1415297705
07-Nov-14	78705	1415384105
08-Nov-14	67080	1415470505
09-Nov-14	63268	1415556905
10-Nov-14	75820	1415643305
11-Nov-14	79449	1415729705
12-Nov-14	82662	1415816105
13-Nov-14	95109	1415902505
14-Nov-14	80812	1415988905
15-Nov-14	69581	1416075305
16-Nov-14	67707	1416161705
17-Nov-14	78525	1416248105
18-Nov-14	79411	1416334505
19-Nov-14	81149	1416420905
20-Nov-14	79495	1416507305
21-Nov-14	76668	1416593705
22-Nov-14	71779	1416680105
23-Nov-14	67599	1416766505
24-Nov-14	73842	1416852905
25-Nov-14	78211	1416939305
26-Nov-14	84534	1417025705
27-Nov-14	77335	1417112105
28-Nov-14	80741	1417198505
29-Nov-14	76097	1417284905
30-Nov-14	72338	1417371305
01-Dec-14	86252	1417457705
02-Dec-14	94405	1417544105
03-Dec-14	92810	1417630505
04-Dec-14	88683	1417716905
05-Dec-14	86128	1417803305
06-Dec-14	75452	1417889705
07-Dec-14	72640	1417976105
08-Dec-14	80024	1418062505
09-Dec-14	86078	1418148905
10-Dec-14	87315	1418235305
11-Dec-14	82901	1418321705
12-Dec-14	76365	1418408105
13-Dec-14	75799	1418494505
14-Dec-14	68435	1418580905
15-Dec-14	88535	1418667305
16-Dec-14	90848	1418753705
17-Dec-14	88560	1418840105
18-Dec-14	95565	1418926505
19-Dec-14	86754	1419012905
20-Dec-14	84341	1419099305
21-Dec-14	75527	1419185705
22-Dec-14	85763	1419272105
23-Dec-14	93782	1419358505
24-Dec-14	84662	1419444905
25-Dec-14	65198	1419531305
26-Dec-14	67031	1419617705
27-Dec-14	74575	1419704105
28-Dec-14	68015	1419790505
29-Dec-14	72823	1419876905
30-Dec-14	80010	1419963305
31-Dec-14	74288	1420049705
01-Jan-15	53529	1420136105
02-Jan-15	66773	1420222505
03-Jan-15	75473	1420308905
04-Jan-15	79818	1420395305
05-Jan-15	83904	1420481705
06-Jan-15	79804	1420568105
07-Jan-15	86052	1420654505
08-Jan-15	89016	1420740905
09-Jan-15	93280	1420827305
10-Jan-15	96782	1420913705
11-Jan-15	84038	1421000105
12-Jan-15	89969	1421086505
13-Jan-15	94090	1421172905
14-Jan-15	97287	1421259305
15-Jan-15	105562	1421345705
16-Jan-15	104844	1421432105
17-Jan-15	83315	1421518505
18-Jan-15	79371	1421604905
19-Jan-15	82018	1421691305
20-Jan-15	87331	1421777705
21-Jan-15	90542	1421864105
22-Jan-15	87136	1421950505
23-Jan-15	81067	1422036905
24-Jan-15	78100	1422123305
25-Jan-15	72746	1422209705
26-Jan-15	95324	1422296105
27-Jan-15	91044	1422382505
28-Jan-15	85017	1422468905
29-Jan-15	87193	1422555305
30-Jan-15	85068	1422641705
31-Jan-15	82179	1422728105
01-Feb-15	77506	1422814505
02-Feb-15	81679	1422900905
03-Feb-15	92194	1422987305
04-Feb-15	89353	1423073705
05-Feb-15	89051	1423160105
06-Feb-15	81964	1423246505
07-Feb-15	78776	1423332905
08-Feb-15	73463	1423419305
09-Feb-15	85756	1423505705
10-Feb-15	87201	1423592105
11-Feb-15	87389	1423678505
12-Feb-15	86100	1423764905
13-Feb-15	95533	1423851305
14-Feb-15	90182	1423937705
15-Feb-15	80391	1424024105
16-Feb-15	87415	1424110505
17-Feb-15	91708	1424196905
18-Feb-15	95051	1424283305
19-Feb-15	87029	1424369705
20-Feb-15	87583	1424456105
21-Feb-15	86038	1424542505
22-Feb-15	77520	1424628905
23-Feb-15	88993	1424715305
24-Feb-15	97226	1424801705
25-Feb-15	97116	1424888105
26-Feb-15	89371	1424974505
27-Feb-15	93947	1425060905
28-Feb-15	79240	1425147305
01-Mar-15	77863	1425233705
02-Mar-15	92924	1425320105
03-Mar-15	99109	1425406505
04-Mar-15	96428	1425492905
05-Mar-15	87646	1425579305
06-Mar-15	90351	1425665705
07-Mar-15	85542	1425752105
08-Mar-15	75981	1425838505
09-Mar-15	86735	1425924905
10-Mar-15	101305	1426011305
11-Mar-15	95980	1426097705
12-Mar-15	92444	1426184105
13-Mar-15	87615	1426270505
14-Mar-15	80884	1426356905
15-Mar-15	73041	1426443305
16-Mar-15	85728	1426529705
17-Mar-15	93255	1426616105
18-Mar-15	89818	1426702505
19-Mar-15	89798	1426788905
20-Mar-15	93346	1426875305
21-Mar-15	83857	1426961705
22-Mar-15	76544	1427048105
23-Mar-15	92109	1427134505
24-Mar-15	88390	1427220905
25-Mar-15	88646	1427307305
26-Mar-15	89463	1427393705
27-Mar-15	94188	1427480105
28-Mar-15	83161	1427566505
29-Mar-15	78466	1427652905
30-Mar-15	92978	1427739305
31-Mar-15	98965	1427825705
01-Apr-15	115358	1427912105
02-Apr-15	104713	1427998505
03-Apr-15	94497	1428084905
04-Apr-15	84096	1428171305
05-Apr-15	81030	1428257705
06-Apr-15	88792	1428344105
07-Apr-15	102214	1428430505
08-Apr-15	101474	1428516905
09-Apr-15	103426	1428603305
10-Apr-15	105399	1428689705
11-Apr-15	96631	1428776105
12-Apr-15	88884	1428862505
13-Apr-15	96153	1428948905
14-Apr-15	101712	1429035305
15-Apr-15	95743	1429121705
16-Apr-15	95847	1429208105
17-Apr-15	93893	1429294505
18-Apr-15	89058	1429380905
19-Apr-15	77576	1429467305
20-Apr-15	104049	1429553705
21-Apr-15	114061	1429640105
22-Apr-15	106012	1429726505
23-Apr-15	101207	1429812905
24-Apr-15	102383	1429899305
25-Apr-15	94093	1429985705
26-Apr-15	86025	1430072105
27-Apr-15	101588	1430158505
28-Apr-15	106587	1430244905
29-Apr-15	106124	1430331305
30-Apr-15	108264	1430417705
01-May-15	97071	1430504105
02-May-15	86271	1430590505
03-May-15	79473	1430676905
04-May-15	88545	1430763305
05-May-15	107830	1430849705
06-May-15	107858	1430936105
07-May-15	107329	1431022505
08-May-15	101732	1431108905
09-May-15	92434	1431195305
10-May-15	83644	1431281705
11-May-15	96515	1431368105
12-May-15	109297	1431454505
13-May-15	101967	1431540905
14-May-15	93903	1431627305
15-May-15	99964	1431713705
16-May-15	85085	1431800105
17-May-15	77481	1431886505
18-May-15	90495	1431972905
19-May-15	99347	1432059305
20-May-15	101313	1432145705
21-May-15	95717	1432232105
22-May-15	94416	1432318505
23-May-15	83932	1432404905
24-May-15	81001	1432491305
25-May-15	96824	1432577705
26-May-15	100829	1432664105
27-May-15	102986	1432750505
28-May-15	104001	1432836905
29-May-15	112775	1432923305
30-May-15	125827	1433009705
31-May-15	90007	1433096105
01-Jun-15	109364	1433182505
02-Jun-15	126303	1433268905
03-Jun-15	114926	1433355305
04-Jun-15	117311	1433441705
05-Jun-15	103094	1433528105
06-Jun-15	93425	1433614505
07-Jun-15	84280	1433700905
08-Jun-15	91751	1433787305
09-Jun-15	111830	1433873705
10-Jun-15	123557	1433960105
11-Jun-15	116693	1434046505
12-Jun-15	113864	1434132905
13-Jun-15	104241	1434219305
14-Jun-15	94046	1434305705
15-Jun-15	112459	1434392105
16-Jun-15	117904	1434478505
17-Jun-15	125228	1434564905
18-Jun-15	113931	1434651305
19-Jun-15	115154	1434737705
20-Jun-15	100133	1434824105
21-Jun-15	85165	1434910505
22-Jun-15	105432	1434996905
23-Jun-15	121894	1435083305
24-Jun-15	110435	1435169705
25-Jun-15	107281	1435256105
26-Jun-15	111419	1435342505
27-Jun-15	100268	1435428905
28-Jun-15	89826	1435515305
29-Jun-15	110573	1435601705
30-Jun-15	144779	1435688105
01-Jul-15	143673	1435774505
02-Jul-15	130719	1435860905
03-Jul-15	127989	1435947305
04-Jul-15	104771	1436033705
05-Jul-15	96444	1436120105
06-Jul-15	143911	1436206505
07-Jul-15	195298	1436292905
08-Jul-15	197841	1436379305
09-Jul-15	179359	1436465705
10-Jul-15	213672	1436552105
11-Jul-15	171529	1436638505
12-Jul-15	204511	1436724905
13-Jul-15	176542	1436811305
14-Jul-15	119332	1436897705
15-Jul-15	116425	1436984105
16-Jul-15	111183	1437070505
17-Jul-15	110715	1437156905
18-Jul-15	105710	1437243305
19-Jul-15	129223	1437329705
20-Jul-15	105702	1437416105
21-Jul-15	117682	1437502505
22-Jul-15	143934	1437588905
23-Jul-15	107076	1437675305
24-Jul-15	106528	1437761705
25-Jul-15	99402	1437848105
26-Jul-15	85399	1437934505
27-Jul-15	108188	1438020905
28-Jul-15	113425	1438107305
29-Jul-15	132097	1438193705
30-Jul-15	128885	1438280105
31-Jul-15	124065	1438366505
01-Aug-15	156306	1438452905
02-Aug-15	93462	1438539305
03-Aug-15	114769	1438625705
04-Aug-15	129710	1438712105
05-Aug-15	127347	1438798505
06-Aug-15	129396	1438884905
07-Aug-15	119389	1438971305
08-Aug-15	99688	1439057705
09-Aug-15	82199	1439144105
10-Aug-15	103390	1439230505
11-Aug-15	110280	1439316905
12-Aug-15	109091	1439403305
13-Aug-15	111008	1439489705
14-Aug-15	104109	1439576105
15-Aug-15	101858	1439662505
16-Aug-15	84478	1439748905
17-Aug-15	105299	1439835305
18-Aug-15	116238	1439921705
19-Aug-15	119064	1440008105
20-Aug-15	113433	1440094505
21-Aug-15	113062	1440180905
22-Aug-15	104099	1440267305
23-Aug-15	88760	1440353705
24-Aug-15	111842	1440440105
25-Aug-15	117845	1440526505
26-Aug-15	120364	1440612905
27-Aug-15	111998	1440699305
28-Aug-15	114654	1440785705
29-Aug-15	106197	1440872105
30-Aug-15	88602	1440958505
31-Aug-15	109165	1441044905
01-Sep-15	130024	1441131305
02-Sep-15	132339	1441217705
03-Sep-15	134325	1441304105
04-Sep-15	90818	1441390505
05-Sep-15	127176	1441476905
06-Sep-15	101418	1441563305
07-Sep-15	108880	1441649705
08-Sep-15	123535	1441736105
09-Sep-15	125800	1441822505
10-Sep-15	120592	1441908905
11-Sep-15	161565	1441995305
12-Sep-15	150249	1442081705
13-Sep-15	133887	1442168105
14-Sep-15	159347	1442254505
15-Sep-15	161192	1442340905
16-Sep-15	165564	1442427305
17-Sep-15	238266	1442513705
18-Sep-15	180020	1442600105
19-Sep-15	114515	1442686505
20-Sep-15	101659	1442772905
21-Sep-15	119372	1442859305
22-Sep-15	132321	1442945705
23-Sep-15	128069	1443032105
24-Sep-15	119219	1443118505
25-Sep-15	126908	1443204905
26-Sep-15	115045	1443291305
27-Sep-15	101501	1443377705
28-Sep-15	126552	1443464105
29-Sep-15	135138	1443550505
30-Sep-15	136404	1443636905
01-Oct-15	132272	1443723305
02-Oct-15	132606	1443809705
03-Oct-15	129718	1443896105
04-Oct-15	98648	1443982505
05-Oct-15	115131	1444068905
06-Oct-15	140787	1444155305
07-Oct-15	136497	1444241705
08-Oct-15	136722	1444328105
09-Oct-15	117816	1444414505
10-Oct-15	127194	1444500905
11-Oct-15	104281	1444587305
12-Oct-15	124371	1444673705
13-Oct-15	130340	1444760105
14-Oct-15	133248	1444846505
15-Oct-15	152540	1444932905
16-Oct-15	139120	1445019305
17-Oct-15	137027	1445105705
18-Oct-15	116380	1445192105
19-Oct-15	134440	1445278505
20-Oct-15	135153	1445364905
21-Oct-15	154119	1445451305
22-Oct-15	146034	1445537705
23-Oct-15	138481	1445624105
24-Oct-15	137519	1445710505
25-Oct-15	122953	1445796905
26-Oct-15	122497	1445883305
27-Oct-15	140035	1445969705
28-Oct-15	152309	1446056105
29-Oct-15	162879	1446142505
30-Oct-15	162589	1446228905
31-Oct-15	153148	1446315305
01-Nov-15	151460	1446401705
02-Nov-15	154645	1446488105
03-Nov-15	175214	1446574505
04-Nov-15	206942	1446660905
05-Nov-15	187209	1446747305
06-Nov-15	162759	1446833705
07-Nov-15	158223	1446920105
08-Nov-15	130392	1447006505
09-Nov-15	149909	1447092905
10-Nov-15	151205	1447179305
11-Nov-15	166407	1447265705
12-Nov-15	151858	1447352105
13-Nov-15	153761	1447438505
14-Nov-15	152490	1447524905
15-Nov-15	135870	1447611305
16-Nov-15	147945	1447697705
17-Nov-15	156496	1447784105
18-Nov-15	166056	1447870505
19-Nov-15	153203	1447956905
20-Nov-15	152649	1448043305
21-Nov-15	155181	1448129705
22-Nov-15	122866	1448216105
23-Nov-15	139554	1448302505
24-Nov-15	147186	1448388905
25-Nov-15	149233	1448475305
26-Nov-15	162573	1448561705
27-Nov-15	155381	1448648105
28-Nov-15	167772	1448734505
29-Nov-15	128467	1448820905
30-Nov-15	169951	1448907305
01-Dec-15	182458	1448993705
02-Dec-15	175833	1449080105
03-Dec-15	168169	1449166505
04-Dec-15	160017	1449252905
05-Dec-15	198627	1449339305
06-Dec-15	176751	1449425705
07-Dec-15	184241	1449512105
08-Dec-15	189911	1449598505
09-Dec-15	220194	1449684905
10-Dec-15	210092	1449771305
11-Dec-15	209083	1449857705
12-Dec-15	208621	1449944105
13-Dec-15	183264	1450030505
14-Dec-15	215962	1450116905
15-Dec-15	221166	1450203305
16-Dec-15	216574	1450289705
17-Dec-15	213882	1450376105
18-Dec-15	210012	1450462505
19-Dec-15	212043	1450548905
20-Dec-15	187359	1450635305
21-Dec-15	216719	1450721705
22-Dec-15	212631	1450808105
23-Dec-15	208259	1450894505
24-Dec-15	208294	1450980905
25-Dec-15	167557	1451067305
26-Dec-15	155481	1451153705
27-Dec-15	147338	1451240105
28-Dec-15	158084	1451326505
29-Dec-15	181479	1451412905
30-Dec-15	177368	1451499305
31-Dec-15	159215	1451585705
01-Jan-16	118543	1451672105
02-Jan-16	138136	1451758505
03-Jan-16	136272	1451844905
04-Jan-16	165476	1451931305
05-Jan-16	183870	1452017705
06-Jan-16	174238	1452104105
07-Jan-16	175175	1452190505
08-Jan-16	186956	1452276905
09-Jan-16	175150	1452363305
10-Jan-16	160954	1452449705
11-Jan-16	173501	1452536105
12-Jan-16	192859	1452622505
13-Jan-16	187904	1452708905
14-Jan-16	178801	1452795305
15-Jan-16	181095	1452881705
16-Jan-16	187774	1452968105
17-Jan-16	188183	1453054505
18-Jan-16	209219	1453140905
19-Jan-16	199344	1453227305
20-Jan-16	190881	1453313705
21-Jan-16	204315	1453400105
22-Jan-16	221077	1453486505
23-Jan-16	197648	1453572905
24-Jan-16	190634	1453659305
25-Jan-16	206515	1453745705
26-Jan-16	229053	1453832105
27-Jan-16	220900	1453918505
28-Jan-16	225456	1454004905
29-Jan-16	213749	1454091305
30-Jan-16	200127	1454177705
31-Jan-16	160035	1454264105
01-Feb-16	209322	1454350505
02-Feb-16	222371	1454436905
03-Feb-16	195252	1454523305
04-Feb-16	193967	1454609705
05-Feb-16	205366	1454696105
06-Feb-16	221523	1454782505
07-Feb-16	201390	1454868905
08-Feb-16	211844	1454955305
09-Feb-16	222310	1455041705
10-Feb-16	225892	1455128105
11-Feb-16	227463	1455214505
12-Feb-16	202906	1455300905
13-Feb-16	190560	1455387305
14-Feb-16	179497	1455473705
15-Feb-16	195212	1455560105
16-Feb-16	207335	1455646505
17-Feb-16	216842	1455732905
18-Feb-16	201293	1455819305
19-Feb-16	203632	1455905705
20-Feb-16	212896	1455992105
21-Feb-16	195461	1456078505
22-Feb-16	210446	1456164905
23-Feb-16	226977	1456251305
24-Feb-16	208244	1456337705
25-Feb-16	206844	1456424105
26-Feb-16	200108	1456510505
27-Feb-16	176145	1456596905
28-Feb-16	207856	1456683305
29-Feb-16	245731	1456769705
01-Mar-16	245671	1456856105
02-Mar-16	262461	1456942505
03-Mar-16	212413	1457028905
04-Mar-16	205061	1457115305
05-Mar-16	232294	1457201705
06-Mar-16	166280	1457288105
07-Mar-16	174456	1457374505
08-Mar-16	185419	1457460905
09-Mar-16	180232	1457547305
10-Mar-16	186345	1457633705
11-Mar-16	185911	1457720105
12-Mar-16	167127	1457806505
13-Mar-16	136679	1457892905
14-Mar-16	177649	1457979305
15-Mar-16	190346	1458065705
16-Mar-16	209667	1458152105
17-Mar-16	201122	1458238505
18-Mar-16	196834	1458324905
19-Mar-16	182265	1458411305
20-Mar-16	168925	1458497705
21-Mar-16	181205	1458584105
22-Mar-16	202698	1458670505
23-Mar-16	181335	1458756905
24-Mar-16	187491	1458843305
25-Mar-16	168544	1458929705
26-Mar-16	157794	1459016105
27-Mar-16	153812	1459102505
28-Mar-16	174245	1459188905
29-Mar-16	188514	1459275305
30-Mar-16	203900	1459361705
31-Mar-16	202812	1459448105
01-Apr-16	196985	1459534505
02-Apr-16	191586	1459620905
03-Apr-16	171613	1459707305
04-Apr-16	197721	1459793705
05-Apr-16	214365	1459880105
06-Apr-16	213637	1459966505
07-Apr-16	212321	1460052905
08-Apr-16	210883	1460139305
09-Apr-16	200063	1460225705
10-Apr-16	178283	1460312105
11-Apr-16	213730	1460398505
12-Apr-16	236805	1460484905
13-Apr-16	218654	1460571305
14-Apr-16	228737	1460657705
15-Apr-16	214008	1460744105
16-Apr-16	187475	1460830505
17-Apr-16	184854	1460916905
18-Apr-16	199317	1461003305
19-Apr-16	224669	1461089705
20-Apr-16	220464	1461176105
21-Apr-16	211893	1461262505
22-Apr-16	211114	1461348905
23-Apr-16	186460	1461435305
24-Apr-16	177961	1461521705
25-Apr-16	204724	1461608105
26-Apr-16	240153	1461694505
27-Apr-16	241993	1461741608
